Expression,SQL Func,Notes,Context,Params,BOOLEAN,BYTE,SHORT,INT,LONG,FLOAT,DOUBLE,DATE,TIMESTAMP,STRING,DECIMAL,NULL,BINARY,CALENDAR,ARRAY,MAP,STRUCT,UDT
Abs,`abs`,None,project,input,NA,S,S,S,S,S,S,NA,NA,NA,S,NA,NA,NA,NA,NA,NA,NA
Abs,`abs`,None,project,result,NA,S,S,S,S,S,S,NA,NA,NA,S,NA,NA,NA,NA,NA,NA,NA
Abs,`abs`,None,AST,input,NA,NS,NS,S,S,S,S,NA,NA,NA,NS,NA,NA,NA,NA,NA,NA,NA
Abs,`abs`,None,AST,result,NA,NS,NS,S,S,S,S,NA,NA,NA,NS,NA,NA,NA,NA,NA,NA,NA
Acos,`acos`,None,project,input,NA,NA,NA,NA,NA,NA,S,NA,NA,NA,NA,NA,NA,NA,NA,NA,NA,NA
Acos,`acos`,None,project,result,NA,NA,NA,NA,NA,NA,S,NA,NA,NA,NA,NA,NA,NA,NA,NA,NA,NA
Acos,`acos`,None,AST,input,NA,NA,NA,NA,NA,NA,S,NA,NA,NA,NA,NA,NA,NA,NA,NA,NA,NA
Acos,`acos`,None,AST,result,NA,NA,NA,NA,NA,NA,S,NA,NA,NA,NA,NA,NA,NA,NA,NA,NA,NA
Acosh,`acosh`,None,project,input,NA,NA,NA,NA,NA,NA,S,NA,NA,NA,NA,NA,NA,NA,NA,NA,NA,NA
Acosh,`acosh`,None,project,result,NA,NA,NA,NA,NA,NA,S,NA,NA,NA,NA,NA,NA,NA,NA,NA,NA,NA
Acosh,`acosh`,None,AST,input,NA,NA,NA,NA,NA,NA,S,NA,NA,NA,NA,NA,NA,NA,NA,NA,NA,NA
Acosh,`acosh`,None,AST,result,NA,NA,NA,NA,NA,NA,S,NA,NA,NA,NA,NA,NA,NA,NA,NA,NA,NA
Add,`+`,None,project,lhs,NA,S,S,S,S,S,S,NA,NA,NA,S,NA,NA,NS,NA,NA,NA,NA
Add,`+`,None,project,rhs,NA,S,S,S,S,S,S,NA,NA,NA,S,NA,NA,NS,NA,NA,NA,NA
Add,`+`,None,project,result,NA,S,S,S,S,S,S,NA,NA,NA,S,NA,NA,NS,NA,NA,NA,NA
Add,`+`,None,AST,lhs,NA,NS,NS,S,S,S,S,NA,NA,NA,NS,NA,NA,NS,NA,NA,NA,NA
Add,`+`,None,AST,rhs,NA,NS,NS,S,S,S,S,NA,NA,NA,NS,NA,NA,NS,NA,NA,NA,NA
Add,`+`,None,AST,result,NA,NS,NS,S,S,S,S,NA,NA,NA,NS,NA,NA,NS,NA,NA,NA,NA
Alias, ,None,project,input,S,S,S,S,S,S,S,S,PS,S,S,S,NS,NS,PS,PS,PS,NS
Alias, ,None,project,result,S,S,S,S,S,S,S,S,PS,S,S,S,NS,NS,PS,PS,PS,NS
Alias, ,None,AST,input,S,S,S,S,S,S,S,S,PS,NS,NS,NS,NS,NS,NS,NS,NS,NS
Alias, ,None,AST,result,S,S,S,S,S,S,S,S,PS,NS,NS,NS,NS,NS,NS,NS,NS,NS
And,`and`,None,project,lhs,S,NA,NA,NA,NA,NA,NA,NA,NA,NA,NA,NA,NA,NA,NA,NA,NA,NA
And,`and`,None,project,rhs,S,NA,NA,NA,NA,NA,NA,NA,NA,NA,NA,NA,NA,NA,NA,NA,NA,NA
And,`and`,None,project,result,S,NA,NA,NA,NA,NA,NA,NA,NA,NA,NA,NA,NA,NA,NA,NA,NA,NA
And,`and`,None,AST,lhs,S,NA,NA,NA,NA,NA,NA,NA,NA,NA,NA,NA,NA,NA,NA,NA,NA,NA
And,`and`,None,AST,rhs,S,NA,NA,NA,NA,NA,NA,NA,NA,NA,NA,NA,NA,NA,NA,NA,NA,NA
And,`and`,None,AST,result,S,NA,NA,NA,NA,NA,NA,NA,NA,NA,NA,NA,NA,NA,NA,NA,NA,NA
ArrayContains,`array_contains`,None,project,array,NA,NA,NA,NA,NA,NA,NA,NA,NA,NA,NA,NA,NA,NA,PS,NA,NA,NA
ArrayContains,`array_contains`,None,project,key,S,S,S,S,S,PS,PS,S,PS,S,NS,NS,NS,NS,NS,NS,NS,NS
ArrayContains,`array_contains`,None,project,result,S,NA,NA,NA,NA,NA,NA,NA,NA,NA,NA,NA,NA,NA,NA,NA,NA,NA
ArrayExists,`exists`,None,project,argument,NA,NA,NA,NA,NA,NA,NA,NA,NA,NA,NA,NA,NA,NA,PS,NA,NA,NA
ArrayExists,`exists`,None,project,function,S,NA,NA,NA,NA,NA,NA,NA,NA,NA,NA,NA,NA,NA,NA,NA,NA,NA
ArrayExists,`exists`,None,project,result,S,NA,NA,NA,NA,NA,NA,NA,NA,NA,NA,NA,NA,NA,NA,NA,NA,NA
ArrayMax,`array_max`,None,project,input,NA,NA,NA,NA,NA,NA,NA,NA,NA,NA,NA,NA,NA,NA,PS,NA,NA,NA
ArrayMax,`array_max`,None,project,result,S,S,S,S,S,S,S,S,PS,S,S,S,NS,NS,NS,NA,NS,NS
ArrayMin,`array_min`,None,project,input,NA,NA,NA,NA,NA,NA,NA,NA,NA,NA,NA,NA,NA,NA,PS,NA,NA,NA
ArrayMin,`array_min`,None,project,result,S,S,S,S,S,S,S,S,PS,S,S,S,NS,NS,NS,NA,NS,NS
ArrayTransform,`transform`,None,project,argument,NA,NA,NA,NA,NA,NA,NA,NA,NA,NA,NA,NA,NA,NA,PS,NA,NA,NA
ArrayTransform,`transform`,None,project,function,S,S,S,S,S,S,S,S,PS,S,S,S,NS,NS,PS,PS,PS,NS
ArrayTransform,`transform`,None,project,result,NA,NA,NA,NA,NA,NA,NA,NA,NA,NA,NA,NA,NA,NA,PS,NA,NA,NA
Asin,`asin`,None,project,input,NA,NA,NA,NA,NA,NA,S,NA,NA,NA,NA,NA,NA,NA,NA,NA,NA,NA
Asin,`asin`,None,project,result,NA,NA,NA,NA,NA,NA,S,NA,NA,NA,NA,NA,NA,NA,NA,NA,NA,NA
Asin,`asin`,None,AST,input,NA,NA,NA,NA,NA,NA,S,NA,NA,NA,NA,NA,NA,NA,NA,NA,NA,NA
Asin,`asin`,None,AST,result,NA,NA,NA,NA,NA,NA,S,NA,NA,NA,NA,NA,NA,NA,NA,NA,NA,NA
Asinh,`asinh`,None,project,input,NA,NA,NA,NA,NA,NA,S,NA,NA,NA,NA,NA,NA,NA,NA,NA,NA,NA
Asinh,`asinh`,None,project,result,NA,NA,NA,NA,NA,NA,S,NA,NA,NA,NA,NA,NA,NA,NA,NA,NA,NA
Asinh,`asinh`,None,AST,input,NA,NA,NA,NA,NA,NA,S,NA,NA,NA,NA,NA,NA,NA,NA,NA,NA,NA
Asinh,`asinh`,None,AST,result,NA,NA,NA,NA,NA,NA,S,NA,NA,NA,NA,NA,NA,NA,NA,NA,NA,NA
AtLeastNNonNulls, ,None,project,input,S,S,S,S,S,S,S,S,PS,S,S,S,NS,NS,PS,PS,PS,NS
AtLeastNNonNulls, ,None,project,result,S,NA,NA,NA,NA,NA,NA,NA,NA,NA,NA,NA,NA,NA,NA,NA,NA,NA
Atan,`atan`,None,project,input,NA,NA,NA,NA,NA,NA,S,NA,NA,NA,NA,NA,NA,NA,NA,NA,NA,NA
Atan,`atan`,None,project,result,NA,NA,NA,NA,NA,NA,S,NA,NA,NA,NA,NA,NA,NA,NA,NA,NA,NA
Atan,`atan`,None,AST,input,NA,NA,NA,NA,NA,NA,S,NA,NA,NA,NA,NA,NA,NA,NA,NA,NA,NA
Atan,`atan`,None,AST,result,NA,NA,NA,NA,NA,NA,S,NA,NA,NA,NA,NA,NA,NA,NA,NA,NA,NA
Atanh,`atanh`,None,project,input,NA,NA,NA,NA,NA,NA,S,NA,NA,NA,NA,NA,NA,NA,NA,NA,NA,NA
Atanh,`atanh`,None,project,result,NA,NA,NA,NA,NA,NA,S,NA,NA,NA,NA,NA,NA,NA,NA,NA,NA,NA
Atanh,`atanh`,None,AST,input,NA,NA,NA,NA,NA,NA,S,NA,NA,NA,NA,NA,NA,NA,NA,NA,NA,NA
Atanh,`atanh`,None,AST,result,NA,NA,NA,NA,NA,NA,S,NA,NA,NA,NA,NA,NA,NA,NA,NA,NA,NA
AttributeReference, ,None,project,result,S,S,S,S,S,S,S,S,PS,S,S,S,NS,NS,PS,PS,PS,NS
AttributeReference, ,None,AST,result,S,S,S,S,S,S,S,S,PS,NS,NS,NS,NS,NS,NS,NS,NS,NS
BRound,`bround`,None,project,value,NA,S,S,S,S,PS,PS,NA,NA,NA,S,NA,NA,NA,NA,NA,NA,NA
BRound,`bround`,None,project,scale,NA,NA,NA,S,NA,NA,NA,NA,NA,NA,NA,NA,NA,NA,NA,NA,NA,NA
BRound,`bround`,None,project,result,NA,S,S,S,S,S,S,NA,NA,NA,S,NA,NA,NA,NA,NA,NA,NA
BitLength,`bit_length`,None,project,input,NA,NA,NA,NA,NA,NA,NA,NA,NA,S,NA,NA,NS,NA,NA,NA,NA,NA
BitLength,`bit_length`,None,project,result,NA,NA,NA,S,NA,NA,NA,NA,NA,NA,NA,NA,NA,NA,NA,NA,NA,NA
BitwiseAnd,`&`,None,project,lhs,NA,S,S,S,S,NA,NA,NA,NA,NA,NA,NA,NA,NA,NA,NA,NA,NA
BitwiseAnd,`&`,None,project,rhs,NA,S,S,S,S,NA,NA,NA,NA,NA,NA,NA,NA,NA,NA,NA,NA,NA
BitwiseAnd,`&`,None,project,result,NA,S,S,S,S,NA,NA,NA,NA,NA,NA,NA,NA,NA,NA,NA,NA,NA
BitwiseAnd,`&`,None,AST,lhs,NA,NS,NS,S,S,NA,NA,NA,NA,NA,NA,NA,NA,NA,NA,NA,NA,NA
BitwiseAnd,`&`,None,AST,rhs,NA,NS,NS,S,S,NA,NA,NA,NA,NA,NA,NA,NA,NA,NA,NA,NA,NA
BitwiseAnd,`&`,None,AST,result,NA,NS,NS,S,S,NA,NA,NA,NA,NA,NA,NA,NA,NA,NA,NA,NA,NA
BitwiseNot,`~`,None,project,input,NA,S,S,S,S,NA,NA,NA,NA,NA,NA,NA,NA,NA,NA,NA,NA,NA
BitwiseNot,`~`,None,project,result,NA,S,S,S,S,NA,NA,NA,NA,NA,NA,NA,NA,NA,NA,NA,NA,NA
BitwiseNot,`~`,None,AST,input,NA,NS,NS,S,S,NA,NA,NA,NA,NA,NA,NA,NA,NA,NA,NA,NA,NA
BitwiseNot,`~`,None,AST,result,NA,NS,NS,S,S,NA,NA,NA,NA,NA,NA,NA,NA,NA,NA,NA,NA,NA
BitwiseOr,`\|`,None,project,lhs,NA,S,S,S,S,NA,NA,NA,NA,NA,NA,NA,NA,NA,NA,NA,NA,NA
BitwiseOr,`\|`,None,project,rhs,NA,S,S,S,S,NA,NA,NA,NA,NA,NA,NA,NA,NA,NA,NA,NA,NA
BitwiseOr,`\|`,None,project,result,NA,S,S,S,S,NA,NA,NA,NA,NA,NA,NA,NA,NA,NA,NA,NA,NA
BitwiseOr,`\|`,None,AST,lhs,NA,NS,NS,S,S,NA,NA,NA,NA,NA,NA,NA,NA,NA,NA,NA,NA,NA
BitwiseOr,`\|`,None,AST,rhs,NA,NS,NS,S,S,NA,NA,NA,NA,NA,NA,NA,NA,NA,NA,NA,NA,NA
BitwiseOr,`\|`,None,AST,result,NA,NS,NS,S,S,NA,NA,NA,NA,NA,NA,NA,NA,NA,NA,NA,NA,NA
BitwiseXor,`^`,None,project,lhs,NA,S,S,S,S,NA,NA,NA,NA,NA,NA,NA,NA,NA,NA,NA,NA,NA
BitwiseXor,`^`,None,project,rhs,NA,S,S,S,S,NA,NA,NA,NA,NA,NA,NA,NA,NA,NA,NA,NA,NA
BitwiseXor,`^`,None,project,result,NA,S,S,S,S,NA,NA,NA,NA,NA,NA,NA,NA,NA,NA,NA,NA,NA
BitwiseXor,`^`,None,AST,lhs,NA,NS,NS,S,S,NA,NA,NA,NA,NA,NA,NA,NA,NA,NA,NA,NA,NA
BitwiseXor,`^`,None,AST,rhs,NA,NS,NS,S,S,NA,NA,NA,NA,NA,NA,NA,NA,NA,NA,NA,NA,NA
BitwiseXor,`^`,None,AST,result,NA,NS,NS,S,S,NA,NA,NA,NA,NA,NA,NA,NA,NA,NA,NA,NA,NA
CaseWhen,`when`,None,project,predicate,S,NA,NA,NA,NA,NA,NA,NA,NA,NA,NA,NA,NA,NA,NA,NA,NA,NA
CaseWhen,`when`,None,project,value,S,S,S,S,S,S,S,S,PS,S,S,S,NS,NS,PS,PS,PS,NS
CaseWhen,`when`,None,project,result,S,S,S,S,S,S,S,S,PS,S,S,S,NS,NS,PS,PS,PS,NS
Cbrt,`cbrt`,None,project,input,NA,NA,NA,NA,NA,NA,S,NA,NA,NA,NA,NA,NA,NA,NA,NA,NA,NA
Cbrt,`cbrt`,None,project,result,NA,NA,NA,NA,NA,NA,S,NA,NA,NA,NA,NA,NA,NA,NA,NA,NA,NA
Cbrt,`cbrt`,None,AST,input,NA,NA,NA,NA,NA,NA,S,NA,NA,NA,NA,NA,NA,NA,NA,NA,NA,NA
Cbrt,`cbrt`,None,AST,result,NA,NA,NA,NA,NA,NA,S,NA,NA,NA,NA,NA,NA,NA,NA,NA,NA,NA
Ceil,`ceiling`; `ceil`,None,project,input,NA,NA,NA,NA,S,NA,S,NA,NA,NA,S,NA,NA,NA,NA,NA,NA,NA
Ceil,`ceiling`; `ceil`,None,project,result,NA,NA,NA,NA,S,NA,S,NA,NA,NA,S,NA,NA,NA,NA,NA,NA,NA
CheckOverflow, ,None,project,input,NA,NA,NA,NA,NA,NA,NA,NA,NA,NA,S,NA,NA,NA,NA,NA,NA,NA
CheckOverflow, ,None,project,result,NA,NA,NA,NA,NA,NA,NA,NA,NA,NA,S,NA,NA,NA,NA,NA,NA,NA
Coalesce,`coalesce`,None,project,param,S,S,S,S,S,S,S,S,PS,S,S,S,NS,NS,PS,NS,PS,NS
Coalesce,`coalesce`,None,project,result,S,S,S,S,S,S,S,S,PS,S,S,S,NS,NS,PS,NS,PS,NS
Concat,`concat`,None,project,input,NA,NA,NA,NA,NA,NA,NA,NA,NA,S,NA,NA,NS,NA,PS,NA,NA,NA
Concat,`concat`,None,project,result,NA,NA,NA,NA,NA,NA,NA,NA,NA,S,NA,NA,NS,NA,PS,NA,NA,NA
ConcatWs,`concat_ws`,None,project,input,NA,NA,NA,NA,NA,NA,NA,NA,NA,S,NA,NA,NA,NA,S,NA,NA,NA
ConcatWs,`concat_ws`,None,project,result,NA,NA,NA,NA,NA,NA,NA,NA,NA,S,NA,NA,NA,NA,NA,NA,NA,NA
Contains, ,None,project,src,NA,NA,NA,NA,NA,NA,NA,NA,NA,S,NA,NA,NA,NA,NA,NA,NA,NA
Contains, ,None,project,search,NA,NA,NA,NA,NA,NA,NA,NA,NA,PS,NA,NA,NA,NA,NA,NA,NA,NA
Contains, ,None,project,result,S,NA,NA,NA,NA,NA,NA,NA,NA,NA,NA,NA,NA,NA,NA,NA,NA,NA
Cos,`cos`,None,project,input,NA,NA,NA,NA,NA,NA,S,NA,NA,NA,NA,NA,NA,NA,NA,NA,NA,NA
Cos,`cos`,None,project,result,NA,NA,NA,NA,NA,NA,S,NA,NA,NA,NA,NA,NA,NA,NA,NA,NA,NA
Cos,`cos`,None,AST,input,NA,NA,NA,NA,NA,NA,S,NA,NA,NA,NA,NA,NA,NA,NA,NA,NA,NA
Cos,`cos`,None,AST,result,NA,NA,NA,NA,NA,NA,S,NA,NA,NA,NA,NA,NA,NA,NA,NA,NA,NA
Cosh,`cosh`,None,project,input,NA,NA,NA,NA,NA,NA,S,NA,NA,NA,NA,NA,NA,NA,NA,NA,NA,NA
Cosh,`cosh`,None,project,result,NA,NA,NA,NA,NA,NA,S,NA,NA,NA,NA,NA,NA,NA,NA,NA,NA,NA
Cosh,`cosh`,None,AST,input,NA,NA,NA,NA,NA,NA,S,NA,NA,NA,NA,NA,NA,NA,NA,NA,NA,NA
Cosh,`cosh`,None,AST,result,NA,NA,NA,NA,NA,NA,S,NA,NA,NA,NA,NA,NA,NA,NA,NA,NA,NA
Cot,`cot`,None,project,input,NA,NA,NA,NA,NA,NA,S,NA,NA,NA,NA,NA,NA,NA,NA,NA,NA,NA
Cot,`cot`,None,project,result,NA,NA,NA,NA,NA,NA,S,NA,NA,NA,NA,NA,NA,NA,NA,NA,NA,NA
Cot,`cot`,None,AST,input,NA,NA,NA,NA,NA,NA,S,NA,NA,NA,NA,NA,NA,NA,NA,NA,NA,NA
Cot,`cot`,None,AST,result,NA,NA,NA,NA,NA,NA,S,NA,NA,NA,NA,NA,NA,NA,NA,NA,NA,NA
CreateArray,`array`,None,project,arg,S,S,S,S,S,S,S,S,PS,S,S,S,NS,NS,PS,NS,PS,NS
CreateArray,`array`,None,project,result,NA,NA,NA,NA,NA,NA,NA,NA,NA,NA,NA,NA,NA,NA,PS,NA,NA,NA
CreateMap,`map`,None,project,key,S,S,S,S,S,S,S,S,PS,S,S,S,NA,NA,PS,NA,PS,NA
CreateMap,`map`,None,project,value,S,S,S,S,S,S,S,S,PS,S,S,S,NA,NA,PS,PS,PS,NA
CreateNamedStruct,`named_struct`; `struct`,None,project,name,NA,NA,NA,NA,NA,NA,NA,NA,NA,S,NA,NA,NA,NA,NA,NA,NA,NA
CreateNamedStruct,`named_struct`; `struct`,None,project,value,S,S,S,S,S,S,S,S,PS,S,S,S,NS,NS,PS,PS,PS,NS
CreateNamedStruct,`named_struct`; `struct`,None,project,result,NA,NA,NA,NA,NA,NA,NA,NA,NA,NA,NA,NA,NA,NA,NA,NA,PS,NA
CurrentRow$, ,None,project,result,NA,NA,NA,NA,NA,NA,NA,NA,NA,NA,NA,S,NA,NA,NA,NA,NA,NA
DateAdd,`date_add`,None,project,startDate,NA,NA,NA,NA,NA,NA,NA,S,NA,NA,NA,NA,NA,NA,NA,NA,NA,NA
DateAdd,`date_add`,None,project,days,NA,S,S,S,NA,NA,NA,NA,NA,NA,NA,NA,NA,NA,NA,NA,NA,NA
DateAdd,`date_add`,None,project,result,NA,NA,NA,NA,NA,NA,NA,S,NA,NA,NA,NA,NA,NA,NA,NA,NA,NA
DateAddInterval, ,None,project,start,NA,NA,NA,NA,NA,NA,NA,S,NA,NA,NA,NA,NA,NA,NA,NA,NA,NA
DateAddInterval, ,None,project,interval,NA,NA,NA,NA,NA,NA,NA,NA,NA,NA,NA,NA,NA,PS,NA,NA,NA,NA
DateAddInterval, ,None,project,result,NA,NA,NA,NA,NA,NA,NA,S,NA,NA,NA,NA,NA,NA,NA,NA,NA,NA
DateDiff,`datediff`,None,project,lhs,NA,NA,NA,NA,NA,NA,NA,S,NA,NA,NA,NA,NA,NA,NA,NA,NA,NA
DateDiff,`datediff`,None,project,rhs,NA,NA,NA,NA,NA,NA,NA,S,NA,NA,NA,NA,NA,NA,NA,NA,NA,NA
DateDiff,`datediff`,None,project,result,NA,NA,NA,S,NA,NA,NA,NA,NA,NA,NA,NA,NA,NA,NA,NA,NA,NA
DateFormatClass,`date_format`,None,project,timestamp,NA,NA,NA,NA,NA,NA,NA,NA,PS,NA,NA,NA,NA,NA,NA,NA,NA,NA
DateFormatClass,`date_format`,None,project,strfmt,NA,NA,NA,NA,NA,NA,NA,NA,NA,PS,NA,NA,NA,NA,NA,NA,NA,NA
DateFormatClass,`date_format`,None,project,result,NA,NA,NA,NA,NA,NA,NA,NA,NA,S,NA,NA,NA,NA,NA,NA,NA,NA
DateSub,`date_sub`,None,project,startDate,NA,NA,NA,NA,NA,NA,NA,S,NA,NA,NA,NA,NA,NA,NA,NA,NA,NA
DateSub,`date_sub`,None,project,days,NA,S,S,S,NA,NA,NA,NA,NA,NA,NA,NA,NA,NA,NA,NA,NA,NA
DateSub,`date_sub`,None,project,result,NA,NA,NA,NA,NA,NA,NA,S,NA,NA,NA,NA,NA,NA,NA,NA,NA,NA
DayOfMonth,`dayofmonth`; `day`,None,project,input,NA,NA,NA,NA,NA,NA,NA,S,NA,NA,NA,NA,NA,NA,NA,NA,NA,NA
DayOfMonth,`dayofmonth`; `day`,None,project,result,NA,NA,NA,S,NA,NA,NA,NA,NA,NA,NA,NA,NA,NA,NA,NA,NA,NA
DayOfWeek,`dayofweek`,None,project,input,NA,NA,NA,NA,NA,NA,NA,S,NA,NA,NA,NA,NA,NA,NA,NA,NA,NA
DayOfWeek,`dayofweek`,None,project,result,NA,NA,NA,S,NA,NA,NA,NA,NA,NA,NA,NA,NA,NA,NA,NA,NA,NA
DayOfYear,`dayofyear`,None,project,input,NA,NA,NA,NA,NA,NA,NA,S,NA,NA,NA,NA,NA,NA,NA,NA,NA,NA
DayOfYear,`dayofyear`,None,project,result,NA,NA,NA,S,NA,NA,NA,NA,NA,NA,NA,NA,NA,NA,NA,NA,NA,NA
DenseRank,`dense_rank`,None,window,ordering,S,S,S,S,S,S,S,S,PS,S,S,S,NS,NS,NS,NS,NS,NS
DenseRank,`dense_rank`,None,window,result,NA,NA,NA,S,NA,NA,NA,NA,NA,NA,NA,NA,NA,NA,NA,NA,NA,NA
Divide,`/`,None,project,lhs,NA,NA,NA,NA,NA,NA,S,NA,NA,NA,S,NA,NA,NA,NA,NA,NA,NA
Divide,`/`,None,project,rhs,NA,NA,NA,NA,NA,NA,S,NA,NA,NA,S,NA,NA,NA,NA,NA,NA,NA
Divide,`/`,None,project,result,NA,NA,NA,NA,NA,NA,S,NA,NA,NA,PS,NA,NA,NA,NA,NA,NA,NA
ElementAt,`element_at`,None,project,array/map,NA,NA,NA,NA,NA,NA,NA,NA,NA,NA,NA,NA,NA,NA,PS,PS,NA,NA
ElementAt,`element_at`,None,project,index/key,S,S,S,PS,S,S,S,S,PS,S,PS,NS,NS,NS,NS,NS,NS,NS
ElementAt,`element_at`,None,project,result,S,S,S,S,S,S,S,S,PS,S,S,S,NS,NS,PS,PS,PS,NS
EndsWith, ,None,project,src,NA,NA,NA,NA,NA,NA,NA,NA,NA,S,NA,NA,NA,NA,NA,NA,NA,NA
EndsWith, ,None,project,search,NA,NA,NA,NA,NA,NA,NA,NA,NA,PS,NA,NA,NA,NA,NA,NA,NA,NA
EndsWith, ,None,project,result,S,NA,NA,NA,NA,NA,NA,NA,NA,NA,NA,NA,NA,NA,NA,NA,NA,NA
EqualNullSafe,`<=>`,None,project,lhs,S,S,S,S,S,S,S,S,PS,S,S,S,NS,NS,NS,NA,NS,NS
EqualNullSafe,`<=>`,None,project,rhs,S,S,S,S,S,S,S,S,PS,S,S,S,NS,NS,NS,NA,NS,NS
EqualNullSafe,`<=>`,None,project,result,S,NA,NA,NA,NA,NA,NA,NA,NA,NA,NA,NA,NA,NA,NA,NA,NA,NA
EqualTo,`=`; `==`,None,project,lhs,S,S,S,S,S,S,S,S,PS,S,S,S,NS,NS,NS,NA,NS,NS
EqualTo,`=`; `==`,None,project,rhs,S,S,S,S,S,S,S,S,PS,S,S,S,NS,NS,NS,NA,NS,NS
EqualTo,`=`; `==`,None,project,result,S,NA,NA,NA,NA,NA,NA,NA,NA,NA,NA,NA,NA,NA,NA,NA,NA,NA
EqualTo,`=`; `==`,None,AST,lhs,S,S,S,S,S,NS,NS,S,PS,NS,NS,NS,NS,NS,NS,NA,NS,NS
EqualTo,`=`; `==`,None,AST,rhs,S,S,S,S,S,NS,NS,S,PS,NS,NS,NS,NS,NS,NS,NA,NS,NS
EqualTo,`=`; `==`,None,AST,result,S,NA,NA,NA,NA,NA,NA,NA,NA,NA,NA,NA,NA,NA,NA,NA,NA,NA
Exp,`exp`,None,project,input,NA,NA,NA,NA,NA,NA,S,NA,NA,NA,NA,NA,NA,NA,NA,NA,NA,NA
Exp,`exp`,None,project,result,NA,NA,NA,NA,NA,NA,S,NA,NA,NA,NA,NA,NA,NA,NA,NA,NA,NA
Exp,`exp`,None,AST,input,NA,NA,NA,NA,NA,NA,S,NA,NA,NA,NA,NA,NA,NA,NA,NA,NA,NA
Exp,`exp`,None,AST,result,NA,NA,NA,NA,NA,NA,S,NA,NA,NA,NA,NA,NA,NA,NA,NA,NA,NA
Explode,`explode`; `explode_outer`,None,project,input,NA,NA,NA,NA,NA,NA,NA,NA,NA,NA,NA,NA,NA,NA,PS,PS,NA,NA
Explode,`explode`; `explode_outer`,None,project,result,NA,NA,NA,NA,NA,NA,NA,NA,NA,NA,NA,NA,NA,NA,PS,NA,NA,NA
Expm1,`expm1`,None,project,input,NA,NA,NA,NA,NA,NA,S,NA,NA,NA,NA,NA,NA,NA,NA,NA,NA,NA
Expm1,`expm1`,None,project,result,NA,NA,NA,NA,NA,NA,S,NA,NA,NA,NA,NA,NA,NA,NA,NA,NA,NA
Expm1,`expm1`,None,AST,input,NA,NA,NA,NA,NA,NA,S,NA,NA,NA,NA,NA,NA,NA,NA,NA,NA,NA
Expm1,`expm1`,None,AST,result,NA,NA,NA,NA,NA,NA,S,NA,NA,NA,NA,NA,NA,NA,NA,NA,NA,NA
Floor,`floor`,None,project,input,NA,NA,NA,NA,S,NA,S,NA,NA,NA,S,NA,NA,NA,NA,NA,NA,NA
Floor,`floor`,None,project,result,NA,NA,NA,NA,S,NA,S,NA,NA,NA,S,NA,NA,NA,NA,NA,NA,NA
FromUnixTime,`from_unixtime`,None,project,sec,NA,NA,NA,NA,S,NA,NA,NA,NA,NA,NA,NA,NA,NA,NA,NA,NA,NA
FromUnixTime,`from_unixtime`,None,project,format,NA,NA,NA,NA,NA,NA,NA,NA,NA,PS,NA,NA,NA,NA,NA,NA,NA,NA
FromUnixTime,`from_unixtime`,None,project,result,NA,NA,NA,NA,NA,NA,NA,NA,NA,S,NA,NA,NA,NA,NA,NA,NA,NA
GetArrayItem, ,None,project,array,NA,NA,NA,NA,NA,NA,NA,NA,NA,NA,NA,NA,NA,NA,PS,NA,NA,NA
GetArrayItem, ,None,project,ordinal,NA,NA,NA,S,NA,NA,NA,NA,NA,NA,NA,NA,NA,NA,NA,NA,NA,NA
GetArrayItem, ,None,project,result,S,S,S,S,S,S,S,S,PS,S,S,S,NS,NS,PS,PS,PS,NS
GetArrayStructFields, ,None,project,input,NA,NA,NA,NA,NA,NA,NA,NA,NA,NA,NA,NA,NA,NA,PS,NA,NA,NA
GetArrayStructFields, ,None,project,result,NA,NA,NA,NA,NA,NA,NA,NA,NA,NA,NA,NA,NA,NA,PS,NA,NA,NA
GetJsonObject,`get_json_object`,None,project,json,NA,NA,NA,NA,NA,NA,NA,NA,NA,S,NA,NA,NA,NA,NA,NA,NA,NA
GetJsonObject,`get_json_object`,None,project,path,NA,NA,NA,NA,NA,NA,NA,NA,NA,PS,NA,NA,NA,NA,NA,NA,NA,NA
GetJsonObject,`get_json_object`,None,project,result,NA,NA,NA,NA,NA,NA,NA,NA,NA,S,NA,NA,NA,NA,NA,NA,NA,NA
GetMapValue, ,None,project,map,NA,NA,NA,NA,NA,NA,NA,NA,NA,NA,NA,NA,NA,NA,NA,PS,NA,NA
GetMapValue, ,None,project,key,S,S,S,S,S,S,S,S,PS,S,PS,NS,NS,NS,NS,NS,NS,NS
GetMapValue, ,None,project,result,S,S,S,S,S,S,S,S,PS,S,S,S,NS,NS,PS,PS,PS,NS
GetStructField, ,None,project,input,NA,NA,NA,NA,NA,NA,NA,NA,NA,NA,NA,NA,NA,NA,NA,NA,PS,NA
GetStructField, ,None,project,result,S,S,S,S,S,S,S,S,PS,S,S,S,NS,NS,PS,PS,PS,NS
GetTimestamp, ,None,project,timeExp,NA,NA,NA,NA,NA,NA,NA,S,PS,S,NA,NA,NA,NA,NA,NA,NA,NA
GetTimestamp, ,None,project,format,NA,NA,NA,NA,NA,NA,NA,NA,NA,PS,NA,NA,NA,NA,NA,NA,NA,NA
GetTimestamp, ,None,project,result,NA,NA,NA,NA,NA,NA,NA,NA,PS,NA,NA,NA,NA,NA,NA,NA,NA,NA
GreaterThan,`>`,None,project,lhs,S,S,S,S,S,S,S,S,PS,S,S,S,NS,NS,NS,NA,NS,NS
GreaterThan,`>`,None,project,rhs,S,S,S,S,S,S,S,S,PS,S,S,S,NS,NS,NS,NA,NS,NS
GreaterThan,`>`,None,project,result,S,NA,NA,NA,NA,NA,NA,NA,NA,NA,NA,NA,NA,NA,NA,NA,NA,NA
GreaterThan,`>`,None,AST,lhs,S,S,S,S,S,NS,NS,S,PS,NS,NS,NS,NS,NS,NS,NA,NS,NS
GreaterThan,`>`,None,AST,rhs,S,S,S,S,S,NS,NS,S,PS,NS,NS,NS,NS,NS,NS,NA,NS,NS
GreaterThan,`>`,None,AST,result,S,NA,NA,NA,NA,NA,NA,NA,NA,NA,NA,NA,NA,NA,NA,NA,NA,NA
GreaterThanOrEqual,`>=`,None,project,lhs,S,S,S,S,S,S,S,S,PS,S,S,S,NS,NS,NS,NA,NS,NS
GreaterThanOrEqual,`>=`,None,project,rhs,S,S,S,S,S,S,S,S,PS,S,S,S,NS,NS,NS,NA,NS,NS
GreaterThanOrEqual,`>=`,None,project,result,S,NA,NA,NA,NA,NA,NA,NA,NA,NA,NA,NA,NA,NA,NA,NA,NA,NA
GreaterThanOrEqual,`>=`,None,AST,lhs,S,S,S,S,S,NS,NS,S,PS,NS,NS,NS,NS,NS,NS,NA,NS,NS
GreaterThanOrEqual,`>=`,None,AST,rhs,S,S,S,S,S,NS,NS,S,PS,NS,NS,NS,NS,NS,NS,NA,NS,NS
GreaterThanOrEqual,`>=`,None,AST,result,S,NA,NA,NA,NA,NA,NA,NA,NA,NA,NA,NA,NA,NA,NA,NA,NA,NA
Greatest,`greatest`,None,project,param,S,S,S,S,S,S,S,S,PS,S,S,S,NS,NS,NS,NA,NS,NS
Greatest,`greatest`,None,project,result,S,S,S,S,S,S,S,S,PS,S,S,S,NS,NS,NS,NA,NS,NS
Hour,`hour`,None,project,input,NA,NA,NA,NA,NA,NA,NA,NA,PS,NA,NA,NA,NA,NA,NA,NA,NA,NA
Hour,`hour`,None,project,result,NA,NA,NA,S,NA,NA,NA,NA,NA,NA,NA,NA,NA,NA,NA,NA,NA,NA
Hypot,`hypot`,None,project,lhs,NA,NA,NA,NA,NA,NA,S,NA,NA,NA,NA,NA,NA,NA,NA,NA,NA,NA
Hypot,`hypot`,None,project,rhs,NA,NA,NA,NA,NA,NA,S,NA,NA,NA,NA,NA,NA,NA,NA,NA,NA,NA
Hypot,`hypot`,None,project,result,NA,NA,NA,NA,NA,NA,S,NA,NA,NA,NA,NA,NA,NA,NA,NA,NA,NA
If,`if`,None,project,predicate,S,NA,NA,NA,NA,NA,NA,NA,NA,NA,NA,NA,NA,NA,NA,NA,NA,NA
If,`if`,None,project,trueValue,S,S,S,S,S,S,S,S,PS,S,S,S,NS,NS,PS,PS,PS,NS
If,`if`,None,project,falseValue,S,S,S,S,S,S,S,S,PS,S,S,S,NS,NS,PS,PS,PS,NS
If,`if`,None,project,result,S,S,S,S,S,S,S,S,PS,S,S,S,NS,NS,PS,PS,PS,NS
In,`in`,None,project,value,S,S,S,S,S,S,S,S,PS,S,S,S,NS,NS,NS,NA,NS,NS
In,`in`,None,project,list,PS,PS,PS,PS,PS,PS,PS,PS,PS,PS,PS,NS,NS,NS,NS,NA,NS,NS
In,`in`,None,project,result,S,NA,NA,NA,NA,NA,NA,NA,NA,NA,NA,NA,NA,NA,NA,NA,NA,NA
InSet, ,None,project,input,S,S,S,S,S,S,S,S,PS,S,S,S,NS,NS,NS,NA,NS,NS
InSet, ,None,project,result,S,NA,NA,NA,NA,NA,NA,NA,NA,NA,NA,NA,NA,NA,NA,NA,NA,NA
InitCap,`initcap`,This is not 100% compatible with the Spark version because the Unicode version used by cuDF and the JVM may differ; resulting in some corner-case characters not changing case correctly.,project,input,NA,NA,NA,NA,NA,NA,NA,NA,NA,S,NA,NA,NA,NA,NA,NA,NA,NA
InitCap,`initcap`,This is not 100% compatible with the Spark version because the Unicode version used by cuDF and the JVM may differ; resulting in some corner-case characters not changing case correctly.,project,result,NA,NA,NA,NA,NA,NA,NA,NA,NA,S,NA,NA,NA,NA,NA,NA,NA,NA
InputFileBlockLength,`input_file_block_length`,None,project,result,NA,NA,NA,NA,S,NA,NA,NA,NA,NA,NA,NA,NA,NA,NA,NA,NA,NA
InputFileBlockStart,`input_file_block_start`,None,project,result,NA,NA,NA,NA,S,NA,NA,NA,NA,NA,NA,NA,NA,NA,NA,NA,NA,NA
InputFileName,`input_file_name`,None,project,result,NA,NA,NA,NA,NA,NA,NA,NA,NA,S,NA,NA,NA,NA,NA,NA,NA,NA
IntegralDivide,`div`,None,project,lhs,NA,NA,NA,NA,S,NA,NA,NA,NA,NA,S,NA,NA,NA,NA,NA,NA,NA
IntegralDivide,`div`,None,project,rhs,NA,NA,NA,NA,S,NA,NA,NA,NA,NA,S,NA,NA,NA,NA,NA,NA,NA
IntegralDivide,`div`,None,project,result,NA,NA,NA,NA,S,NA,NA,NA,NA,NA,NA,NA,NA,NA,NA,NA,NA,NA
IsNaN,`isnan`,None,project,input,NA,NA,NA,NA,NA,S,S,NA,NA,NA,NA,NA,NA,NA,NA,NA,NA,NA
IsNaN,`isnan`,None,project,result,S,NA,NA,NA,NA,NA,NA,NA,NA,NA,NA,NA,NA,NA,NA,NA,NA,NA
IsNotNull,`isnotnull`,None,project,input,S,S,S,S,S,S,S,S,PS,S,S,S,NS,NS,PS,PS,PS,NS
IsNotNull,`isnotnull`,None,project,result,S,NA,NA,NA,NA,NA,NA,NA,NA,NA,NA,NA,NA,NA,NA,NA,NA,NA
IsNull,`isnull`,None,project,input,S,S,S,S,S,S,S,S,PS,S,S,S,NS,NS,PS,PS,PS,NS
IsNull,`isnull`,None,project,result,S,NA,NA,NA,NA,NA,NA,NA,NA,NA,NA,NA,NA,NA,NA,NA,NA,NA
KnownFloatingPointNormalized, ,None,project,input,NA,NA,NA,NA,NA,S,S,NA,NA,NA,NA,NA,NA,NA,NA,NA,NA,NA
KnownFloatingPointNormalized, ,None,project,result,NA,NA,NA,NA,NA,S,S,NA,NA,NA,NA,NA,NA,NA,NA,NA,NA,NA
KnownNotNull, ,None,project,input,S,S,S,S,S,S,S,S,PS,S,S,NS,S,S,PS,PS,PS,NS
KnownNotNull, ,None,project,result,S,S,S,S,S,S,S,S,PS,S,S,NS,S,S,PS,PS,PS,NS
Lag,`lag`,None,window,input,S,S,S,S,S,S,S,S,PS,S,S,S,NS,NS,PS,NS,PS,NS
Lag,`lag`,None,window,offset,NA,NA,NA,S,NA,NA,NA,NA,NA,NA,NA,NA,NA,NA,NA,NA,NA,NA
Lag,`lag`,None,window,default,S,S,S,S,S,S,S,S,PS,S,S,S,NS,NS,PS,NS,PS,NS
Lag,`lag`,None,window,result,S,S,S,S,S,S,S,S,PS,S,S,S,NS,NS,PS,NS,PS,NS
LambdaFunction, ,None,project,function,S,S,S,S,S,S,S,S,PS,S,S,S,NS,NS,PS,PS,PS,NS
LambdaFunction, ,None,project,arguments,S,S,S,S,S,S,S,S,PS,S,S,S,NS,NS,PS,PS,PS,NS
LambdaFunction, ,None,project,result,S,S,S,S,S,S,S,S,PS,S,S,S,NS,NS,PS,PS,PS,NS
LastDay,`last_day`,None,project,input,NA,NA,NA,NA,NA,NA,NA,S,NA,NA,NA,NA,NA,NA,NA,NA,NA,NA
LastDay,`last_day`,None,project,result,NA,NA,NA,NA,NA,NA,NA,S,NA,NA,NA,NA,NA,NA,NA,NA,NA,NA
Lead,`lead`,None,window,input,S,S,S,S,S,S,S,S,PS,S,S,S,NS,NS,PS,NS,PS,NS
Lead,`lead`,None,window,offset,NA,NA,NA,S,NA,NA,NA,NA,NA,NA,NA,NA,NA,NA,NA,NA,NA,NA
Lead,`lead`,None,window,default,S,S,S,S,S,S,S,S,PS,S,S,S,NS,NS,PS,NS,PS,NS
Lead,`lead`,None,window,result,S,S,S,S,S,S,S,S,PS,S,S,S,NS,NS,PS,NS,PS,NS
Least,`least`,None,project,param,S,S,S,S,S,S,S,S,PS,S,S,S,NS,NS,NS,NA,NS,NS
Least,`least`,None,project,result,S,S,S,S,S,S,S,S,PS,S,S,S,NS,NS,NS,NA,NS,NS
Length,`length`; `character_length`; `char_length`,None,project,input,NA,NA,NA,NA,NA,NA,NA,NA,NA,S,NA,NA,NS,NA,NA,NA,NA,NA
Length,`length`; `character_length`; `char_length`,None,project,result,NA,NA,NA,S,NA,NA,NA,NA,NA,NA,NA,NA,NA,NA,NA,NA,NA,NA
LessThan,`<`,None,project,lhs,S,S,S,S,S,S,S,S,PS,S,S,S,NS,NS,NS,NA,NS,NS
LessThan,`<`,None,project,rhs,S,S,S,S,S,S,S,S,PS,S,S,S,NS,NS,NS,NA,NS,NS
LessThan,`<`,None,project,result,S,NA,NA,NA,NA,NA,NA,NA,NA,NA,NA,NA,NA,NA,NA,NA,NA,NA
LessThan,`<`,None,AST,lhs,S,S,S,S,S,NS,NS,S,PS,NS,NS,NS,NS,NS,NS,NA,NS,NS
LessThan,`<`,None,AST,rhs,S,S,S,S,S,NS,NS,S,PS,NS,NS,NS,NS,NS,NS,NA,NS,NS
LessThan,`<`,None,AST,result,S,NA,NA,NA,NA,NA,NA,NA,NA,NA,NA,NA,NA,NA,NA,NA,NA,NA
LessThanOrEqual,`<=`,None,project,lhs,S,S,S,S,S,S,S,S,PS,S,S,S,NS,NS,NS,NA,NS,NS
LessThanOrEqual,`<=`,None,project,rhs,S,S,S,S,S,S,S,S,PS,S,S,S,NS,NS,NS,NA,NS,NS
LessThanOrEqual,`<=`,None,project,result,S,NA,NA,NA,NA,NA,NA,NA,NA,NA,NA,NA,NA,NA,NA,NA,NA,NA
LessThanOrEqual,`<=`,None,AST,lhs,S,S,S,S,S,NS,NS,S,PS,NS,NS,NS,NS,NS,NS,NA,NS,NS
LessThanOrEqual,`<=`,None,AST,rhs,S,S,S,S,S,NS,NS,S,PS,NS,NS,NS,NS,NS,NS,NA,NS,NS
LessThanOrEqual,`<=`,None,AST,result,S,NA,NA,NA,NA,NA,NA,NA,NA,NA,NA,NA,NA,NA,NA,NA,NA,NA
Like,`like`,None,project,src,NA,NA,NA,NA,NA,NA,NA,NA,NA,S,NA,NA,NA,NA,NA,NA,NA,NA
Like,`like`,None,project,search,NA,NA,NA,NA,NA,NA,NA,NA,NA,PS,NA,NA,NA,NA,NA,NA,NA,NA
Like,`like`,None,project,result,S,NA,NA,NA,NA,NA,NA,NA,NA,NA,NA,NA,NA,NA,NA,NA,NA,NA
Literal, ,None,project,result,S,S,S,S,S,S,S,S,PS,S,S,S,NS,S,PS,PS,PS,NS
Literal, ,None,AST,result,S,S,S,S,S,S,S,S,PS,NS,NS,NS,NS,NS,NS,NS,NS,NS
Log,`ln`,None,project,input,NA,NA,NA,NA,NA,NA,S,NA,NA,NA,NA,NA,NA,NA,NA,NA,NA,NA
Log,`ln`,None,project,result,NA,NA,NA,NA,NA,NA,S,NA,NA,NA,NA,NA,NA,NA,NA,NA,NA,NA
Log10,`log10`,None,project,input,NA,NA,NA,NA,NA,NA,S,NA,NA,NA,NA,NA,NA,NA,NA,NA,NA,NA
Log10,`log10`,None,project,result,NA,NA,NA,NA,NA,NA,S,NA,NA,NA,NA,NA,NA,NA,NA,NA,NA,NA
Log1p,`log1p`,None,project,input,NA,NA,NA,NA,NA,NA,S,NA,NA,NA,NA,NA,NA,NA,NA,NA,NA,NA
Log1p,`log1p`,None,project,result,NA,NA,NA,NA,NA,NA,S,NA,NA,NA,NA,NA,NA,NA,NA,NA,NA,NA
Log2,`log2`,None,project,input,NA,NA,NA,NA,NA,NA,S,NA,NA,NA,NA,NA,NA,NA,NA,NA,NA,NA
Log2,`log2`,None,project,result,NA,NA,NA,NA,NA,NA,S,NA,NA,NA,NA,NA,NA,NA,NA,NA,NA,NA
Logarithm,`log`,None,project,value,NA,NA,NA,NA,NA,NA,S,NA,NA,NA,NA,NA,NA,NA,NA,NA,NA,NA
Logarithm,`log`,None,project,base,NA,NA,NA,NA,NA,NA,S,NA,NA,NA,NA,NA,NA,NA,NA,NA,NA,NA
Logarithm,`log`,None,project,result,NA,NA,NA,NA,NA,NA,S,NA,NA,NA,NA,NA,NA,NA,NA,NA,NA,NA
Lower,`lower`; `lcase`,This is not 100% compatible with the Spark version because the Unicode version used by cuDF and the JVM may differ; resulting in some corner-case characters not changing case correctly.,project,input,NA,NA,NA,NA,NA,NA,NA,NA,NA,S,NA,NA,NA,NA,NA,NA,NA,NA
Lower,`lower`; `lcase`,This is not 100% compatible with the Spark version because the Unicode version used by cuDF and the JVM may differ; resulting in some corner-case characters not changing case correctly.,project,result,NA,NA,NA,NA,NA,NA,NA,NA,NA,S,NA,NA,NA,NA,NA,NA,NA,NA
MakeDecimal, ,None,project,input,NA,NA,NA,NA,S,NA,NA,NA,NA,NA,NA,NA,NA,NA,NA,NA,NA,NA
MakeDecimal, ,None,project,result,NA,NA,NA,NA,NA,NA,NA,NA,NA,NA,PS,NA,NA,NA,NA,NA,NA,NA
MapEntries,`map_entries`,None,project,input,NA,NA,NA,NA,NA,NA,NA,NA,NA,NA,NA,NA,NA,NA,NA,PS,NA,NA
MapEntries,`map_entries`,None,project,result,NA,NA,NA,NA,NA,NA,NA,NA,NA,NA,NA,NA,NA,NA,PS,NA,NA,NA
MapKeys,`map_keys`,None,project,input,NA,NA,NA,NA,NA,NA,NA,NA,NA,NA,NA,NA,NA,NA,NA,PS,NA,NA
MapKeys,`map_keys`,None,project,result,NA,NA,NA,NA,NA,NA,NA,NA,NA,NA,NA,NA,NA,NA,PS,NA,NA,NA
MapValues,`map_values`,None,project,input,NA,NA,NA,NA,NA,NA,NA,NA,NA,NA,NA,NA,NA,NA,NA,PS,NA,NA
MapValues,`map_values`,None,project,result,NA,NA,NA,NA,NA,NA,NA,NA,NA,NA,NA,NA,NA,NA,PS,NA,NA,NA
Md5,`md5`,None,project,input,NA,NA,NA,NA,NA,NA,NA,NA,NA,NA,NA,NA,S,NA,NA,NA,NA,NA
Md5,`md5`,None,project,result,NA,NA,NA,NA,NA,NA,NA,NA,NA,S,NA,NA,NA,NA,NA,NA,NA,NA
Minute,`minute`,None,project,input,NA,NA,NA,NA,NA,NA,NA,NA,PS,NA,NA,NA,NA,NA,NA,NA,NA,NA
Minute,`minute`,None,project,result,NA,NA,NA,S,NA,NA,NA,NA,NA,NA,NA,NA,NA,NA,NA,NA,NA,NA
MonotonicallyIncreasingID,`monotonically_increasing_id`,None,project,result,NA,NA,NA,NA,S,NA,NA,NA,NA,NA,NA,NA,NA,NA,NA,NA,NA,NA
Month,`month`,None,project,input,NA,NA,NA,NA,NA,NA,NA,S,NA,NA,NA,NA,NA,NA,NA,NA,NA,NA
Month,`month`,None,project,result,NA,NA,NA,S,NA,NA,NA,NA,NA,NA,NA,NA,NA,NA,NA,NA,NA,NA
Multiply,`*`,None,project,lhs,NA,S,S,S,S,S,S,NA,NA,NA,S,NA,NA,NA,NA,NA,NA,NA
Multiply,`*`,None,project,rhs,NA,S,S,S,S,S,S,NA,NA,NA,S,NA,NA,NA,NA,NA,NA,NA
Multiply,`*`,None,project,result,NA,S,S,S,S,S,S,NA,NA,NA,PS,NA,NA,NA,NA,NA,NA,NA
Multiply,`*`,None,AST,lhs,NA,NS,NS,S,S,S,S,NA,NA,NA,NS,NA,NA,NA,NA,NA,NA,NA
Multiply,`*`,None,AST,rhs,NA,NS,NS,S,S,S,S,NA,NA,NA,NS,NA,NA,NA,NA,NA,NA,NA
Multiply,`*`,None,AST,result,NA,NS,NS,S,S,S,S,NA,NA,NA,NS,NA,NA,NA,NA,NA,NA,NA
Murmur3Hash,`hash`,None,project,input,S,S,S,S,S,S,S,S,PS,S,S,S,NS,NS,NS,NS,PS,NS
Murmur3Hash,`hash`,None,project,result,NA,NA,NA,S,NA,NA,NA,NA,NA,NA,NA,NA,NA,NA,NA,NA,NA,NA
NaNvl,`nanvl`,None,project,lhs,NA,NA,NA,NA,NA,S,S,NA,NA,NA,NA,NA,NA,NA,NA,NA,NA,NA
NaNvl,`nanvl`,None,project,rhs,NA,NA,NA,NA,NA,S,S,NA,NA,NA,NA,NA,NA,NA,NA,NA,NA,NA
NaNvl,`nanvl`,None,project,result,NA,NA,NA,NA,NA,S,S,NA,NA,NA,NA,NA,NA,NA,NA,NA,NA,NA
NamedLambdaVariable, ,None,project,result,S,S,S,S,S,S,S,S,PS,S,S,S,NS,NS,PS,PS,PS,NS
Not,`!`; `not`,None,project,input,S,NA,NA,NA,NA,NA,NA,NA,NA,NA,NA,NA,NA,NA,NA,NA,NA,NA
Not,`!`; `not`,None,project,result,S,NA,NA,NA,NA,NA,NA,NA,NA,NA,NA,NA,NA,NA,NA,NA,NA,NA
Not,`!`; `not`,None,AST,input,S,NA,NA,NA,NA,NA,NA,NA,NA,NA,NA,NA,NA,NA,NA,NA,NA,NA
Not,`!`; `not`,None,AST,result,S,NA,NA,NA,NA,NA,NA,NA,NA,NA,NA,NA,NA,NA,NA,NA,NA,NA
OctetLength,`octet_length`,None,project,input,NA,NA,NA,NA,NA,NA,NA,NA,NA,S,NA,NA,NS,NA,NA,NA,NA,NA
OctetLength,`octet_length`,None,project,result,NA,NA,NA,S,NA,NA,NA,NA,NA,NA,NA,NA,NA,NA,NA,NA,NA,NA
Or,`or`,None,project,lhs,S,NA,NA,NA,NA,NA,NA,NA,NA,NA,NA,NA,NA,NA,NA,NA,NA,NA
Or,`or`,None,project,rhs,S,NA,NA,NA,NA,NA,NA,NA,NA,NA,NA,NA,NA,NA,NA,NA,NA,NA
Or,`or`,None,project,result,S,NA,NA,NA,NA,NA,NA,NA,NA,NA,NA,NA,NA,NA,NA,NA,NA,NA
Or,`or`,None,AST,lhs,S,NA,NA,NA,NA,NA,NA,NA,NA,NA,NA,NA,NA,NA,NA,NA,NA,NA
Or,`or`,None,AST,rhs,S,NA,NA,NA,NA,NA,NA,NA,NA,NA,NA,NA,NA,NA,NA,NA,NA,NA
Or,`or`,None,AST,result,S,NA,NA,NA,NA,NA,NA,NA,NA,NA,NA,NA,NA,NA,NA,NA,NA,NA
PercentRank,`percent_rank`,None,window,ordering,S,S,S,S,S,S,S,S,PS,S,S,S,NS,NS,NS,NS,NS,NS
PercentRank,`percent_rank`,None,window,result,NA,NA,NA,NA,NA,NA,S,NA,NA,NA,NA,NA,NA,NA,NA,NA,NA,NA
Pmod,`pmod`,None,project,lhs,NA,S,S,S,S,S,S,NA,NA,NA,S,NA,NA,NA,NA,NA,NA,NA
Pmod,`pmod`,None,project,rhs,NA,S,S,S,S,S,S,NA,NA,NA,S,NA,NA,NA,NA,NA,NA,NA
Pmod,`pmod`,None,project,result,NA,S,S,S,S,S,S,NA,NA,NA,S,NA,NA,NA,NA,NA,NA,NA
PosExplode,`posexplode_outer`; `posexplode`,None,project,input,NA,NA,NA,NA,NA,NA,NA,NA,NA,NA,NA,NA,NA,NA,PS,PS,NA,NA
PosExplode,`posexplode_outer`; `posexplode`,None,project,result,NA,NA,NA,NA,NA,NA,NA,NA,NA,NA,NA,NA,NA,NA,PS,NA,NA,NA
Pow,`pow`; `power`,None,project,lhs,NA,NA,NA,NA,NA,NA,S,NA,NA,NA,NA,NA,NA,NA,NA,NA,NA,NA
Pow,`pow`; `power`,None,project,rhs,NA,NA,NA,NA,NA,NA,S,NA,NA,NA,NA,NA,NA,NA,NA,NA,NA,NA
Pow,`pow`; `power`,None,project,result,NA,NA,NA,NA,NA,NA,S,NA,NA,NA,NA,NA,NA,NA,NA,NA,NA,NA
Pow,`pow`; `power`,None,AST,lhs,NA,NA,NA,NA,NA,NA,S,NA,NA,NA,NA,NA,NA,NA,NA,NA,NA,NA
Pow,`pow`; `power`,None,AST,rhs,NA,NA,NA,NA,NA,NA,S,NA,NA,NA,NA,NA,NA,NA,NA,NA,NA,NA
Pow,`pow`; `power`,None,AST,result,NA,NA,NA,NA,NA,NA,S,NA,NA,NA,NA,NA,NA,NA,NA,NA,NA,NA
PreciseTimestampConversion, ,None,project,input,NA,NA,NA,NA,S,NA,NA,NA,PS,NA,NA,NA,NA,NA,NA,NA,NA,NA
PreciseTimestampConversion, ,None,project,result,NA,NA,NA,NA,S,NA,NA,NA,PS,NA,NA,NA,NA,NA,NA,NA,NA,NA
PromotePrecision, ,None,project,input,NA,NA,NA,NA,NA,NA,NA,NA,NA,NA,S,NA,NA,NA,NA,NA,NA,NA
PromotePrecision, ,None,project,result,NA,NA,NA,NA,NA,NA,NA,NA,NA,NA,S,NA,NA,NA,NA,NA,NA,NA
PythonUDF, ,None,aggregation,param,S,S,S,S,S,S,S,S,PS,S,NS,NS,NS,NS,PS,NS,PS,NS
PythonUDF, ,None,aggregation,result,S,S,S,S,S,S,S,S,PS,S,NS,NS,NS,NA,PS,NS,PS,NA
PythonUDF, ,None,reduction,param,S,S,S,S,S,S,S,S,PS,S,NS,NS,NS,NS,PS,NS,PS,NS
PythonUDF, ,None,reduction,result,S,S,S,S,S,S,S,S,PS,S,NS,NS,NS,NA,PS,NS,PS,NA
PythonUDF, ,None,window,param,S,S,S,S,S,S,S,S,PS,S,NS,NS,NS,NS,PS,NS,PS,NS
PythonUDF, ,None,window,result,S,S,S,S,S,S,S,S,PS,S,NS,NS,NS,NA,PS,NS,PS,NA
PythonUDF, ,None,project,param,S,S,S,S,S,S,S,S,PS,S,NS,NS,NS,NS,PS,NS,PS,NS
PythonUDF, ,None,project,result,S,S,S,S,S,S,S,S,PS,S,NS,NS,NS,NA,PS,NS,PS,NA
Quarter,`quarter`,None,project,input,NA,NA,NA,NA,NA,NA,NA,S,NA,NA,NA,NA,NA,NA,NA,NA,NA,NA
Quarter,`quarter`,None,project,result,NA,NA,NA,S,NA,NA,NA,NA,NA,NA,NA,NA,NA,NA,NA,NA,NA,NA
RLike,`rlike`,None,project,str,NA,NA,NA,NA,NA,NA,NA,NA,NA,S,NA,NA,NA,NA,NA,NA,NA,NA
RLike,`rlike`,None,project,regexp,NA,NA,NA,NA,NA,NA,NA,NA,NA,PS,NA,NA,NA,NA,NA,NA,NA,NA
RLike,`rlike`,None,project,result,S,NA,NA,NA,NA,NA,NA,NA,NA,NA,NA,NA,NA,NA,NA,NA,NA,NA
Rand,`random`; `rand`,None,project,seed,NA,NA,NA,S,S,NA,NA,NA,NA,NA,NA,NA,NA,NA,NA,NA,NA,NA
Rand,`random`; `rand`,None,project,result,NA,NA,NA,NA,NA,NA,S,NA,NA,NA,NA,NA,NA,NA,NA,NA,NA,NA
Rank,`rank`,None,window,ordering,S,S,S,S,S,S,S,S,PS,S,S,S,NS,NS,NS,NS,NS,NS
Rank,`rank`,None,window,result,NA,NA,NA,S,NA,NA,NA,NA,NA,NA,NA,NA,NA,NA,NA,NA,NA,NA
RegExpExtract,`regexp_extract`,None,project,str,NA,NA,NA,NA,NA,NA,NA,NA,NA,S,NA,NA,NA,NA,NA,NA,NA,NA
RegExpExtract,`regexp_extract`,None,project,regexp,NA,NA,NA,NA,NA,NA,NA,NA,NA,PS,NA,NA,NA,NA,NA,NA,NA,NA
RegExpExtract,`regexp_extract`,None,project,idx,NA,NA,NA,S,NA,NA,NA,NA,NA,NA,NA,NA,NA,NA,NA,NA,NA,NA
RegExpExtract,`regexp_extract`,None,project,result,NA,NA,NA,NA,NA,NA,NA,NA,NA,S,NA,NA,NA,NA,NA,NA,NA,NA
RegExpReplace,`regexp_replace`,None,project,regex,NA,NA,NA,NA,NA,NA,NA,NA,NA,PS,NA,NA,NA,NA,NA,NA,NA,NA
RegExpReplace,`regexp_replace`,None,project,result,NA,NA,NA,NA,NA,NA,NA,NA,NA,S,NA,NA,NA,NA,NA,NA,NA,NA
RegExpReplace,`regexp_replace`,None,project,pos,NA,NA,NA,PS,NA,NA,NA,NA,NA,NA,NA,NA,NA,NA,NA,NA,NA,NA
RegExpReplace,`regexp_replace`,None,project,str,NA,NA,NA,NA,NA,NA,NA,NA,NA,S,NA,NA,NA,NA,NA,NA,NA,NA
RegExpReplace,`regexp_replace`,None,project,rep,NA,NA,NA,NA,NA,NA,NA,NA,NA,PS,NA,NA,NA,NA,NA,NA,NA,NA
Remainder,`%`; `mod`,None,project,lhs,NA,S,S,S,S,S,S,NA,NA,NA,S,NA,NA,NA,NA,NA,NA,NA
Remainder,`%`; `mod`,None,project,rhs,NA,S,S,S,S,S,S,NA,NA,NA,S,NA,NA,NA,NA,NA,NA,NA
Remainder,`%`; `mod`,None,project,result,NA,S,S,S,S,S,S,NA,NA,NA,S,NA,NA,NA,NA,NA,NA,NA
ReplicateRows, ,None,project,input,S,S,S,S,S,S,S,S,PS,S,S,S,NS,NS,PS,NS,PS,NS
ReplicateRows, ,None,project,result,NA,NA,NA,NA,NA,NA,NA,NA,NA,NA,NA,NA,NA,NA,PS,NA,NA,NA
Rint,`rint`,None,project,input,NA,NA,NA,NA,NA,NA,S,NA,NA,NA,NA,NA,NA,NA,NA,NA,NA,NA
Rint,`rint`,None,project,result,NA,NA,NA,NA,NA,NA,S,NA,NA,NA,NA,NA,NA,NA,NA,NA,NA,NA
Rint,`rint`,None,AST,input,NA,NA,NA,NA,NA,NA,S,NA,NA,NA,NA,NA,NA,NA,NA,NA,NA,NA
Rint,`rint`,None,AST,result,NA,NA,NA,NA,NA,NA,S,NA,NA,NA,NA,NA,NA,NA,NA,NA,NA,NA
Round,`round`,None,project,value,NA,S,S,S,S,PS,PS,NA,NA,NA,S,NA,NA,NA,NA,NA,NA,NA
Round,`round`,None,project,scale,NA,NA,NA,S,NA,NA,NA,NA,NA,NA,NA,NA,NA,NA,NA,NA,NA,NA
Round,`round`,None,project,result,NA,S,S,S,S,S,S,NA,NA,NA,S,NA,NA,NA,NA,NA,NA,NA
RowNumber,`row_number`,None,window,result,NA,NA,NA,S,NA,NA,NA,NA,NA,NA,NA,NA,NA,NA,NA,NA,NA,NA
ScalaUDF, ,None,project,param,S,S,S,S,S,S,S,S,PS,S,S,S,S,S,PS,PS,PS,NS
ScalaUDF, ,None,project,result,S,S,S,S,S,S,S,S,PS,S,S,S,S,S,PS,PS,PS,NS
Second,`second`,None,project,input,NA,NA,NA,NA,NA,NA,NA,NA,PS,NA,NA,NA,NA,NA,NA,NA,NA,NA
Second,`second`,None,project,result,NA,NA,NA,S,NA,NA,NA,NA,NA,NA,NA,NA,NA,NA,NA,NA,NA,NA
Sequence,`sequence`,None,project,start,NA,S,S,S,S,NA,NA,NS,NS,NA,NA,NA,NA,NA,NA,NA,NA,NA
Sequence,`sequence`,None,project,stop,NA,S,S,S,S,NA,NA,NS,NS,NA,NA,NA,NA,NA,NA,NA,NA,NA
Sequence,`sequence`,None,project,step,NA,S,S,S,S,NA,NA,NA,NA,NA,NA,NA,NA,NS,NA,NA,NA,NA
Sequence,`sequence`,None,project,result,NA,NA,NA,NA,NA,NA,NA,NA,NA,NA,NA,NA,NA,NA,PS,NA,NA,NA
ShiftLeft,`shiftleft`,None,project,value,NA,NA,NA,S,S,NA,NA,NA,NA,NA,NA,NA,NA,NA,NA,NA,NA,NA
ShiftLeft,`shiftleft`,None,project,amount,NA,NA,NA,S,NA,NA,NA,NA,NA,NA,NA,NA,NA,NA,NA,NA,NA,NA
ShiftLeft,`shiftleft`,None,project,result,NA,NA,NA,S,S,NA,NA,NA,NA,NA,NA,NA,NA,NA,NA,NA,NA,NA
ShiftRight,`shiftright`,None,project,value,NA,NA,NA,S,S,NA,NA,NA,NA,NA,NA,NA,NA,NA,NA,NA,NA,NA
ShiftRight,`shiftright`,None,project,amount,NA,NA,NA,S,NA,NA,NA,NA,NA,NA,NA,NA,NA,NA,NA,NA,NA,NA
ShiftRight,`shiftright`,None,project,result,NA,NA,NA,S,S,NA,NA,NA,NA,NA,NA,NA,NA,NA,NA,NA,NA,NA
ShiftRightUnsigned,`shiftrightunsigned`,None,project,value,NA,NA,NA,S,S,NA,NA,NA,NA,NA,NA,NA,NA,NA,NA,NA,NA,NA
ShiftRightUnsigned,`shiftrightunsigned`,None,project,amount,NA,NA,NA,S,NA,NA,NA,NA,NA,NA,NA,NA,NA,NA,NA,NA,NA,NA
ShiftRightUnsigned,`shiftrightunsigned`,None,project,result,NA,NA,NA,S,S,NA,NA,NA,NA,NA,NA,NA,NA,NA,NA,NA,NA,NA
Signum,`sign`; `signum`,None,project,input,NA,NA,NA,NA,NA,NA,S,NA,NA,NA,NA,NA,NA,NA,NA,NA,NA,NA
Signum,`sign`; `signum`,None,project,result,NA,NA,NA,NA,NA,NA,S,NA,NA,NA,NA,NA,NA,NA,NA,NA,NA,NA
Sin,`sin`,None,project,input,NA,NA,NA,NA,NA,NA,S,NA,NA,NA,NA,NA,NA,NA,NA,NA,NA,NA
Sin,`sin`,None,project,result,NA,NA,NA,NA,NA,NA,S,NA,NA,NA,NA,NA,NA,NA,NA,NA,NA,NA
Sin,`sin`,None,AST,input,NA,NA,NA,NA,NA,NA,S,NA,NA,NA,NA,NA,NA,NA,NA,NA,NA,NA
Sin,`sin`,None,AST,result,NA,NA,NA,NA,NA,NA,S,NA,NA,NA,NA,NA,NA,NA,NA,NA,NA,NA
Sinh,`sinh`,None,project,input,NA,NA,NA,NA,NA,NA,S,NA,NA,NA,NA,NA,NA,NA,NA,NA,NA,NA
Sinh,`sinh`,None,project,result,NA,NA,NA,NA,NA,NA,S,NA,NA,NA,NA,NA,NA,NA,NA,NA,NA,NA
Sinh,`sinh`,None,AST,input,NA,NA,NA,NA,NA,NA,S,NA,NA,NA,NA,NA,NA,NA,NA,NA,NA,NA
Sinh,`sinh`,None,AST,result,NA,NA,NA,NA,NA,NA,S,NA,NA,NA,NA,NA,NA,NA,NA,NA,NA,NA
Size,`size`; `cardinality`,None,project,input,NA,NA,NA,NA,NA,NA,NA,NA,NA,NA,NA,NA,NA,NA,PS,PS,NA,NA
Size,`size`; `cardinality`,None,project,result,NA,NA,NA,S,NA,NA,NA,NA,NA,NA,NA,NA,NA,NA,NA,NA,NA,NA
SortArray,`sort_array`,None,project,array,NA,NA,NA,NA,NA,NA,NA,NA,NA,NA,NA,NA,NA,NA,PS,NA,NA,NA
SortArray,`sort_array`,None,project,ascendingOrder,S,NA,NA,NA,NA,NA,NA,NA,NA,NA,NA,NA,NA,NA,NA,NA,NA,NA
SortArray,`sort_array`,None,project,result,NA,NA,NA,NA,NA,NA,NA,NA,NA,NA,NA,NA,NA,NA,PS,NA,NA,NA
SortOrder, ,None,project,input,S,S,S,S,S,S,S,S,PS,S,S,S,NS,NS,NS,NA,PS,NS
SortOrder, ,None,project,result,S,S,S,S,S,S,S,S,PS,S,S,S,NS,NS,NS,NA,PS,NS
SparkPartitionID,`spark_partition_id`,None,project,result,NA,NA,NA,S,NA,NA,NA,NA,NA,NA,NA,NA,NA,NA,NA,NA,NA,NA
SpecifiedWindowFrame, ,None,project,lower,NA,S,S,S,S,NS,NS,NA,NA,NA,NS,NA,NA,S,NA,NA,NA,NA
SpecifiedWindowFrame, ,None,project,upper,NA,S,S,S,S,NS,NS,NA,NA,NA,NS,NA,NA,S,NA,NA,NA,NA
SpecifiedWindowFrame, ,None,project,result,NA,S,S,S,S,NS,NS,NA,NA,NA,NS,NA,NA,S,NA,NA,NA,NA
Sqrt,`sqrt`,None,project,input,NA,NA,NA,NA,NA,NA,S,NA,NA,NA,NA,NA,NA,NA,NA,NA,NA,NA
Sqrt,`sqrt`,None,project,result,NA,NA,NA,NA,NA,NA,S,NA,NA,NA,NA,NA,NA,NA,NA,NA,NA,NA
Sqrt,`sqrt`,None,AST,input,NA,NA,NA,NA,NA,NA,S,NA,NA,NA,NA,NA,NA,NA,NA,NA,NA,NA
Sqrt,`sqrt`,None,AST,result,NA,NA,NA,NA,NA,NA,S,NA,NA,NA,NA,NA,NA,NA,NA,NA,NA,NA
StartsWith, ,None,project,src,NA,NA,NA,NA,NA,NA,NA,NA,NA,S,NA,NA,NA,NA,NA,NA,NA,NA
StartsWith, ,None,project,search,NA,NA,NA,NA,NA,NA,NA,NA,NA,PS,NA,NA,NA,NA,NA,NA,NA,NA
StartsWith, ,None,project,result,S,NA,NA,NA,NA,NA,NA,NA,NA,NA,NA,NA,NA,NA,NA,NA,NA,NA
StringLPad,`lpad`,None,project,str,NA,NA,NA,NA,NA,NA,NA,NA,NA,S,NA,NA,NA,NA,NA,NA,NA,NA
StringLPad,`lpad`,None,project,len,NA,NA,NA,PS,NA,NA,NA,NA,NA,NA,NA,NA,NA,NA,NA,NA,NA,NA
StringLPad,`lpad`,None,project,pad,NA,NA,NA,NA,NA,NA,NA,NA,NA,PS,NA,NA,NA,NA,NA,NA,NA,NA
StringLPad,`lpad`,None,project,result,NA,NA,NA,NA,NA,NA,NA,NA,NA,S,NA,NA,NA,NA,NA,NA,NA,NA
StringLocate,`position`; `locate`,None,project,substr,NA,NA,NA,NA,NA,NA,NA,NA,NA,PS,NA,NA,NA,NA,NA,NA,NA,NA
StringLocate,`position`; `locate`,None,project,str,NA,NA,NA,NA,NA,NA,NA,NA,NA,S,NA,NA,NA,NA,NA,NA,NA,NA
StringLocate,`position`; `locate`,None,project,start,NA,NA,NA,PS,NA,NA,NA,NA,NA,NA,NA,NA,NA,NA,NA,NA,NA,NA
StringLocate,`position`; `locate`,None,project,result,NA,NA,NA,S,NA,NA,NA,NA,NA,NA,NA,NA,NA,NA,NA,NA,NA,NA
StringRPad,`rpad`,None,project,str,NA,NA,NA,NA,NA,NA,NA,NA,NA,S,NA,NA,NA,NA,NA,NA,NA,NA
StringRPad,`rpad`,None,project,len,NA,NA,NA,PS,NA,NA,NA,NA,NA,NA,NA,NA,NA,NA,NA,NA,NA,NA
StringRPad,`rpad`,None,project,pad,NA,NA,NA,NA,NA,NA,NA,NA,NA,PS,NA,NA,NA,NA,NA,NA,NA,NA
StringRPad,`rpad`,None,project,result,NA,NA,NA,NA,NA,NA,NA,NA,NA,S,NA,NA,NA,NA,NA,NA,NA,NA
StringRepeat,`repeat`,None,project,input,NA,NA,NA,NA,NA,NA,NA,NA,NA,S,NA,NA,NA,NA,NA,NA,NA,NA
StringRepeat,`repeat`,None,project,repeatTimes,NA,NA,NA,S,NA,NA,NA,NA,NA,NA,NA,NA,NA,NA,NA,NA,NA,NA
StringRepeat,`repeat`,None,project,result,NA,NA,NA,NA,NA,NA,NA,NA,NA,S,NA,NA,NA,NA,NA,NA,NA,NA
StringReplace,`replace`,None,project,src,NA,NA,NA,NA,NA,NA,NA,NA,NA,S,NA,NA,NA,NA,NA,NA,NA,NA
StringReplace,`replace`,None,project,search,NA,NA,NA,NA,NA,NA,NA,NA,NA,PS,NA,NA,NA,NA,NA,NA,NA,NA
StringReplace,`replace`,None,project,replace,NA,NA,NA,NA,NA,NA,NA,NA,NA,PS,NA,NA,NA,NA,NA,NA,NA,NA
StringReplace,`replace`,None,project,result,NA,NA,NA,NA,NA,NA,NA,NA,NA,S,NA,NA,NA,NA,NA,NA,NA,NA
StringSplit,`split`,None,project,str,NA,NA,NA,NA,NA,NA,NA,NA,NA,S,NA,NA,NA,NA,NA,NA,NA,NA
StringSplit,`split`,None,project,regexp,NA,NA,NA,NA,NA,NA,NA,NA,NA,PS,NA,NA,NA,NA,NA,NA,NA,NA
StringSplit,`split`,None,project,limit,NA,NA,NA,PS,NA,NA,NA,NA,NA,NA,NA,NA,NA,NA,NA,NA,NA,NA
StringSplit,`split`,None,project,result,NA,NA,NA,NA,NA,NA,NA,NA,NA,NA,NA,NA,NA,NA,S,NA,NA,NA
StringToMap,`str_to_map`,None,project,str,NA,NA,NA,NA,NA,NA,NA,NA,NA,S,NA,NA,NA,NA,NA,NA,NA,NA
StringToMap,`str_to_map`,None,project,pairDelim,NA,NA,NA,NA,NA,NA,NA,NA,NA,S,NA,NA,NA,NA,NA,NA,NA,NA
StringToMap,`str_to_map`,None,project,keyValueDelim,NA,NA,NA,NA,NA,NA,NA,NA,NA,S,NA,NA,NA,NA,NA,NA,NA,NA
StringToMap,`str_to_map`,None,project,result,NA,NA,NA,NA,NA,NA,NA,NA,NA,NA,NA,NA,NA,NA,NA,S,NA,NA
StringTrim,`trim`,None,project,src,NA,NA,NA,NA,NA,NA,NA,NA,NA,S,NA,NA,NA,NA,NA,NA,NA,NA
StringTrim,`trim`,None,project,trimStr,NA,NA,NA,NA,NA,NA,NA,NA,NA,PS,NA,NA,NA,NA,NA,NA,NA,NA
StringTrim,`trim`,None,project,result,NA,NA,NA,NA,NA,NA,NA,NA,NA,S,NA,NA,NA,NA,NA,NA,NA,NA
StringTrimLeft,`ltrim`,None,project,src,NA,NA,NA,NA,NA,NA,NA,NA,NA,S,NA,NA,NA,NA,NA,NA,NA,NA
StringTrimLeft,`ltrim`,None,project,trimStr,NA,NA,NA,NA,NA,NA,NA,NA,NA,PS,NA,NA,NA,NA,NA,NA,NA,NA
StringTrimLeft,`ltrim`,None,project,result,NA,NA,NA,NA,NA,NA,NA,NA,NA,S,NA,NA,NA,NA,NA,NA,NA,NA
StringTrimRight,`rtrim`,None,project,src,NA,NA,NA,NA,NA,NA,NA,NA,NA,S,NA,NA,NA,NA,NA,NA,NA,NA
StringTrimRight,`rtrim`,None,project,trimStr,NA,NA,NA,NA,NA,NA,NA,NA,NA,PS,NA,NA,NA,NA,NA,NA,NA,NA
StringTrimRight,`rtrim`,None,project,result,NA,NA,NA,NA,NA,NA,NA,NA,NA,S,NA,NA,NA,NA,NA,NA,NA,NA
Substring,`substr`; `substring`,None,project,str,NA,NA,NA,NA,NA,NA,NA,NA,NA,S,NA,NA,NS,NA,NA,NA,NA,NA
Substring,`substr`; `substring`,None,project,pos,NA,NA,NA,PS,NA,NA,NA,NA,NA,NA,NA,NA,NA,NA,NA,NA,NA,NA
Substring,`substr`; `substring`,None,project,len,NA,NA,NA,PS,NA,NA,NA,NA,NA,NA,NA,NA,NA,NA,NA,NA,NA,NA
Substring,`substr`; `substring`,None,project,result,NA,NA,NA,NA,NA,NA,NA,NA,NA,S,NA,NA,NS,NA,NA,NA,NA,NA
SubstringIndex,`substring_index`,None,project,str,NA,NA,NA,NA,NA,NA,NA,NA,NA,S,NA,NA,NA,NA,NA,NA,NA,NA
SubstringIndex,`substring_index`,None,project,delim,NA,NA,NA,NA,NA,NA,NA,NA,NA,PS,NA,NA,NA,NA,NA,NA,NA,NA
SubstringIndex,`substring_index`,None,project,count,NA,NA,NA,PS,NA,NA,NA,NA,NA,NA,NA,NA,NA,NA,NA,NA,NA,NA
SubstringIndex,`substring_index`,None,project,result,NA,NA,NA,NA,NA,NA,NA,NA,NA,S,NA,NA,NA,NA,NA,NA,NA,NA
Subtract,`-`,None,project,lhs,NA,S,S,S,S,S,S,NA,NA,NA,S,NA,NA,NS,NA,NA,NA,NA
Subtract,`-`,None,project,rhs,NA,S,S,S,S,S,S,NA,NA,NA,S,NA,NA,NS,NA,NA,NA,NA
Subtract,`-`,None,project,result,NA,S,S,S,S,S,S,NA,NA,NA,S,NA,NA,NS,NA,NA,NA,NA
Subtract,`-`,None,AST,lhs,NA,NS,NS,S,S,S,S,NA,NA,NA,NS,NA,NA,NS,NA,NA,NA,NA
Subtract,`-`,None,AST,rhs,NA,NS,NS,S,S,S,S,NA,NA,NA,NS,NA,NA,NS,NA,NA,NA,NA
Subtract,`-`,None,AST,result,NA,NS,NS,S,S,S,S,NA,NA,NA,NS,NA,NA,NS,NA,NA,NA,NA
Tan,`tan`,None,project,input,NA,NA,NA,NA,NA,NA,S,NA,NA,NA,NA,NA,NA,NA,NA,NA,NA,NA
Tan,`tan`,None,project,result,NA,NA,NA,NA,NA,NA,S,NA,NA,NA,NA,NA,NA,NA,NA,NA,NA,NA
Tan,`tan`,None,AST,input,NA,NA,NA,NA,NA,NA,S,NA,NA,NA,NA,NA,NA,NA,NA,NA,NA,NA
Tan,`tan`,None,AST,result,NA,NA,NA,NA,NA,NA,S,NA,NA,NA,NA,NA,NA,NA,NA,NA,NA,NA
Tanh,`tanh`,None,project,input,NA,NA,NA,NA,NA,NA,S,NA,NA,NA,NA,NA,NA,NA,NA,NA,NA,NA
Tanh,`tanh`,None,project,result,NA,NA,NA,NA,NA,NA,S,NA,NA,NA,NA,NA,NA,NA,NA,NA,NA,NA
Tanh,`tanh`,None,AST,input,NA,NA,NA,NA,NA,NA,S,NA,NA,NA,NA,NA,NA,NA,NA,NA,NA,NA
Tanh,`tanh`,None,AST,result,NA,NA,NA,NA,NA,NA,S,NA,NA,NA,NA,NA,NA,NA,NA,NA,NA,NA
TimeAdd, ,None,project,start,NA,NA,NA,NA,NA,NA,NA,NA,PS,NA,NA,NA,NA,NA,NA,NA,NA,NA
TimeAdd, ,None,project,interval,NA,NA,NA,NA,NA,NA,NA,NA,NA,NA,NA,NA,NA,PS,NA,NA,NA,NA
TimeAdd, ,None,project,result,NA,NA,NA,NA,NA,NA,NA,NA,PS,NA,NA,NA,NA,NA,NA,NA,NA,NA
ToDegrees,`degrees`,None,project,input,NA,NA,NA,NA,NA,NA,S,NA,NA,NA,NA,NA,NA,NA,NA,NA,NA,NA
ToDegrees,`degrees`,None,project,result,NA,NA,NA,NA,NA,NA,S,NA,NA,NA,NA,NA,NA,NA,NA,NA,NA,NA
ToRadians,`radians`,None,project,input,NA,NA,NA,NA,NA,NA,S,NA,NA,NA,NA,NA,NA,NA,NA,NA,NA,NA
ToRadians,`radians`,None,project,result,NA,NA,NA,NA,NA,NA,S,NA,NA,NA,NA,NA,NA,NA,NA,NA,NA,NA
ToUnixTimestamp,`to_unix_timestamp`,None,project,timeExp,NA,NA,NA,NA,NA,NA,NA,S,PS,S,NA,NA,NA,NA,NA,NA,NA,NA
ToUnixTimestamp,`to_unix_timestamp`,None,project,format,NA,NA,NA,NA,NA,NA,NA,NA,NA,PS,NA,NA,NA,NA,NA,NA,NA,NA
ToUnixTimestamp,`to_unix_timestamp`,None,project,result,NA,NA,NA,NA,S,NA,NA,NA,NA,NA,NA,NA,NA,NA,NA,NA,NA,NA
TransformKeys,`transform_keys`,None,project,argument,NA,NA,NA,NA,NA,NA,NA,NA,NA,NA,NA,NA,NA,NA,NA,PS,NA,NA
TransformKeys,`transform_keys`,None,project,function,S,S,S,S,S,S,S,S,PS,S,S,S,NS,NS,NS,NA,NS,NS
TransformKeys,`transform_keys`,None,project,result,NA,NA,NA,NA,NA,NA,NA,NA,NA,NA,NA,NA,NA,NA,NA,PS,NA,NA
TransformValues,`transform_values`,None,project,argument,NA,NA,NA,NA,NA,NA,NA,NA,NA,NA,NA,NA,NA,NA,NA,PS,NA,NA
TransformValues,`transform_values`,None,project,function,S,S,S,S,S,S,S,S,PS,S,S,S,NS,NS,PS,PS,PS,NS
TransformValues,`transform_values`,None,project,result,NA,NA,NA,NA,NA,NA,NA,NA,NA,NA,NA,NA,NA,NA,NA,PS,NA,NA
UnaryMinus,`negative`,None,project,input,NA,S,S,S,S,S,S,NA,NA,NA,S,NA,NA,NS,NA,NA,NA,NA
UnaryMinus,`negative`,None,project,result,NA,S,S,S,S,S,S,NA,NA,NA,S,NA,NA,NS,NA,NA,NA,NA
UnaryMinus,`negative`,None,AST,input,NA,NS,NS,S,S,S,S,NA,NA,NA,NS,NA,NA,NS,NA,NA,NA,NA
UnaryMinus,`negative`,None,AST,result,NA,NS,NS,S,S,S,S,NA,NA,NA,NS,NA,NA,NS,NA,NA,NA,NA
UnaryPositive,`positive`,None,project,input,NA,S,S,S,S,S,S,NA,NA,NA,S,NA,NA,NS,NA,NA,NA,NA
UnaryPositive,`positive`,None,project,result,NA,S,S,S,S,S,S,NA,NA,NA,S,NA,NA,NS,NA,NA,NA,NA
UnaryPositive,`positive`,None,AST,input,NA,S,S,S,S,S,S,NA,NA,NA,NS,NA,NA,NS,NA,NA,NA,NA
UnaryPositive,`positive`,None,AST,result,NA,S,S,S,S,S,S,NA,NA,NA,NS,NA,NA,NS,NA,NA,NA,NA
UnboundedFollowing$, ,None,project,result,NA,NA,NA,NA,NA,NA,NA,NA,NA,NA,NA,S,NA,NA,NA,NA,NA,NA
UnboundedPreceding$, ,None,project,result,NA,NA,NA,NA,NA,NA,NA,NA,NA,NA,NA,S,NA,NA,NA,NA,NA,NA
UnixTimestamp,`unix_timestamp`,None,project,timeExp,NA,NA,NA,NA,NA,NA,NA,S,PS,S,NA,NA,NA,NA,NA,NA,NA,NA
UnixTimestamp,`unix_timestamp`,None,project,format,NA,NA,NA,NA,NA,NA,NA,NA,NA,PS,NA,NA,NA,NA,NA,NA,NA,NA
UnixTimestamp,`unix_timestamp`,None,project,result,NA,NA,NA,NA,S,NA,NA,NA,NA,NA,NA,NA,NA,NA,NA,NA,NA,NA
UnscaledValue, ,None,project,input,NA,NA,NA,NA,NA,NA,NA,NA,NA,NA,PS,NA,NA,NA,NA,NA,NA,NA
UnscaledValue, ,None,project,result,NA,NA,NA,NA,S,NA,NA,NA,NA,NA,NA,NA,NA,NA,NA,NA,NA,NA
Upper,`upper`; `ucase`,This is not 100% compatible with the Spark version because the Unicode version used by cuDF and the JVM may differ; resulting in some corner-case characters not changing case correctly.,project,input,NA,NA,NA,NA,NA,NA,NA,NA,NA,S,NA,NA,NA,NA,NA,NA,NA,NA
Upper,`upper`; `ucase`,This is not 100% compatible with the Spark version because the Unicode version used by cuDF and the JVM may differ; resulting in some corner-case characters not changing case correctly.,project,result,NA,NA,NA,NA,NA,NA,NA,NA,NA,S,NA,NA,NA,NA,NA,NA,NA,NA
WeekDay,`weekday`,None,project,input,NA,NA,NA,NA,NA,NA,NA,S,NA,NA,NA,NA,NA,NA,NA,NA,NA,NA
WeekDay,`weekday`,None,project,result,NA,NA,NA,S,NA,NA,NA,NA,NA,NA,NA,NA,NA,NA,NA,NA,NA,NA
WindowExpression, ,None,window,windowFunction,S,S,S,S,S,S,S,S,PS,S,S,S,NS,NS,PS,PS,PS,NS
WindowExpression, ,None,window,windowSpec,NA,S,S,S,S,NS,NS,NA,NA,NA,PS,NA,NA,S,NA,NA,NA,NA
WindowExpression, ,None,window,result,S,S,S,S,S,S,S,S,PS,S,S,S,NS,NS,PS,PS,PS,NS
WindowSpecDefinition, ,None,project,partition,S,S,S,S,S,S,S,S,PS,S,S,S,NS,NS,NS,NS,PS,NS
WindowSpecDefinition, ,None,project,value,S,S,S,S,S,S,S,S,PS,S,S,S,NS,NS,NS,NS,PS,NS
WindowSpecDefinition, ,None,project,result,S,S,S,S,S,S,S,S,PS,S,S,S,NS,NS,NS,NS,PS,NS
Year,`year`,None,project,input,NA,NA,NA,NA,NA,NA,NA,S,NA,NA,NA,NA,NA,NA,NA,NA,NA,NA
Year,`year`,None,project,result,NA,NA,NA,S,NA,NA,NA,NA,NA,NA,NA,NA,NA,NA,NA,NA,NA,NA
AggregateExpression, ,None,aggregation,aggFunc,S,S,S,S,S,S,S,S,PS,S,S,S,NS,NS,PS,PS,PS,NS
AggregateExpression, ,None,aggregation,filter,S,NA,NA,NA,NA,NA,NA,NA,NA,NA,NA,NA,NA,NA,NA,NA,NA,NA
AggregateExpression, ,None,aggregation,result,S,S,S,S,S,S,S,S,PS,S,S,S,NS,NS,PS,PS,PS,NS
AggregateExpression, ,None,reduction,aggFunc,S,S,S,S,S,S,S,S,PS,S,S,S,NS,NS,PS,PS,PS,NS
AggregateExpression, ,None,reduction,filter,S,NA,NA,NA,NA,NA,NA,NA,NA,NA,NA,NA,NA,NA,NA,NA,NA,NA
AggregateExpression, ,None,reduction,result,S,S,S,S,S,S,S,S,PS,S,S,S,NS,NS,PS,PS,PS,NS
AggregateExpression, ,None,window,aggFunc,S,S,S,S,S,S,S,S,PS,S,S,S,NS,NS,PS,PS,PS,NS
AggregateExpression, ,None,window,filter,S,NA,NA,NA,NA,NA,NA,NA,NA,NA,NA,NA,NA,NA,NA,NA,NA,NA
AggregateExpression, ,None,window,result,S,S,S,S,S,S,S,S,PS,S,S,S,NS,NS,PS,PS,PS,NS
ApproximatePercentile,`percentile_approx`; `approx_percentile`,This is not 100% compatible with the Spark version because the GPU implementation of approx_percentile is not bit-for-bit compatible with Apache Spark. To enable it; set spark.rapids.sql.incompatibleOps.enabled,aggregation,input,NA,S,S,S,S,S,S,NS,NS,NA,S,NA,NA,NA,NA,NA,NA,NA
ApproximatePercentile,`percentile_approx`; `approx_percentile`,This is not 100% compatible with the Spark version because the GPU implementation of approx_percentile is not bit-for-bit compatible with Apache Spark. To enable it; set spark.rapids.sql.incompatibleOps.enabled,aggregation,percentage,NA,NA,NA,NA,NA,NA,S,NA,NA,NA,NA,NA,NA,NA,S,NA,NA,NA
ApproximatePercentile,`percentile_approx`; `approx_percentile`,This is not 100% compatible with the Spark version because the GPU implementation of approx_percentile is not bit-for-bit compatible with Apache Spark. To enable it; set spark.rapids.sql.incompatibleOps.enabled,aggregation,accuracy,NA,NA,NA,S,NA,NA,NA,NA,NA,NA,NA,NA,NA,NA,NA,NA,NA,NA
ApproximatePercentile,`percentile_approx`; `approx_percentile`,This is not 100% compatible with the Spark version because the GPU implementation of approx_percentile is not bit-for-bit compatible with Apache Spark. To enable it; set spark.rapids.sql.incompatibleOps.enabled,aggregation,result,NA,S,S,S,S,S,S,NS,NS,NA,S,NA,NA,NA,PS,NA,NA,NA
ApproximatePercentile,`percentile_approx`; `approx_percentile`,This is not 100% compatible with the Spark version because the GPU implementation of approx_percentile is not bit-for-bit compatible with Apache Spark. To enable it; set spark.rapids.sql.incompatibleOps.enabled,reduction,input,NA,S,S,S,S,S,S,NS,NS,NA,S,NA,NA,NA,NA,NA,NA,NA
ApproximatePercentile,`percentile_approx`; `approx_percentile`,This is not 100% compatible with the Spark version because the GPU implementation of approx_percentile is not bit-for-bit compatible with Apache Spark. To enable it; set spark.rapids.sql.incompatibleOps.enabled,reduction,percentage,NA,NA,NA,NA,NA,NA,S,NA,NA,NA,NA,NA,NA,NA,S,NA,NA,NA
ApproximatePercentile,`percentile_approx`; `approx_percentile`,This is not 100% compatible with the Spark version because the GPU implementation of approx_percentile is not bit-for-bit compatible with Apache Spark. To enable it; set spark.rapids.sql.incompatibleOps.enabled,reduction,accuracy,NA,NA,NA,S,NA,NA,NA,NA,NA,NA,NA,NA,NA,NA,NA,NA,NA,NA
ApproximatePercentile,`percentile_approx`; `approx_percentile`,This is not 100% compatible with the Spark version because the GPU implementation of approx_percentile is not bit-for-bit compatible with Apache Spark. To enable it; set spark.rapids.sql.incompatibleOps.enabled,reduction,result,NA,S,S,S,S,S,S,NS,NS,NA,S,NA,NA,NA,PS,NA,NA,NA
Average,`avg`; `mean`,None,aggregation,input,NA,S,S,S,S,S,S,NA,NA,NA,S,NA,NA,NA,NA,NA,NA,NA
Average,`avg`; `mean`,None,aggregation,result,NA,NA,NA,NA,NA,NA,S,NA,NA,NA,S,NA,NA,NA,NA,NA,NA,NA
Average,`avg`; `mean`,None,reduction,input,NA,S,S,S,S,S,S,NA,NA,NA,S,NA,NA,NA,NA,NA,NA,NA
Average,`avg`; `mean`,None,reduction,result,NA,NA,NA,NA,NA,NA,S,NA,NA,NA,S,NA,NA,NA,NA,NA,NA,NA
Average,`avg`; `mean`,None,window,input,NA,S,S,S,S,S,S,NA,NA,NA,S,NA,NA,NA,NA,NA,NA,NA
Average,`avg`; `mean`,None,window,result,NA,NA,NA,NA,NA,NA,S,NA,NA,NA,S,NA,NA,NA,NA,NA,NA,NA
CollectList,`collect_list`,None,aggregation,input,S,S,S,S,S,S,S,S,PS,S,S,S,NS,NS,PS,PS,PS,NS
CollectList,`collect_list`,None,aggregation,result,NA,NA,NA,NA,NA,NA,NA,NA,NA,NA,NA,NA,NA,NA,PS,NA,NA,NA
CollectList,`collect_list`,None,reduction,input,S,S,S,S,S,S,S,S,PS,S,S,S,NS,NS,PS,PS,PS,NS
CollectList,`collect_list`,None,reduction,result,NA,NA,NA,NA,NA,NA,NA,NA,NA,NA,NA,NA,NA,NA,PS,NA,NA,NA
CollectList,`collect_list`,None,window,input,S,S,S,S,S,S,S,S,PS,S,S,S,NS,NS,PS,PS,PS,NS
CollectList,`collect_list`,None,window,result,NA,NA,NA,NA,NA,NA,NA,NA,NA,NA,NA,NA,NA,NA,PS,NA,NA,NA
CollectSet,`collect_set`,None,aggregation,input,S,S,S,S,S,S,S,S,PS,S,S,S,NS,NS,NS,NS,PS,NS
CollectSet,`collect_set`,None,aggregation,result,NA,NA,NA,NA,NA,NA,NA,NA,NA,NA,NA,NA,NA,NA,PS,NA,NA,NA
CollectSet,`collect_set`,None,reduction,input,S,S,S,S,S,S,S,S,PS,S,S,S,NS,NS,NS,NS,PS,NS
CollectSet,`collect_set`,None,reduction,result,NA,NA,NA,NA,NA,NA,NA,NA,NA,NA,NA,NA,NA,NA,PS,NA,NA,NA
CollectSet,`collect_set`,None,window,input,S,S,S,S,S,S,S,S,PS,S,S,S,NS,NS,NS,NS,PS,NS
CollectSet,`collect_set`,None,window,result,NA,NA,NA,NA,NA,NA,NA,NA,NA,NA,NA,NA,NA,NA,PS,NA,NA,NA
Count,`count`,None,aggregation,input,S,S,S,S,S,S,S,S,PS,S,S,S,S,S,PS,PS,PS,S
Count,`count`,None,aggregation,result,NA,NA,NA,NA,S,NA,NA,NA,NA,NA,NA,NA,NA,NA,NA,NA,NA,NA
Count,`count`,None,reduction,input,S,S,S,S,S,S,S,S,PS,S,S,S,S,S,PS,PS,PS,S
Count,`count`,None,reduction,result,NA,NA,NA,NA,S,NA,NA,NA,NA,NA,NA,NA,NA,NA,NA,NA,NA,NA
Count,`count`,None,window,input,S,S,S,S,S,S,S,S,PS,S,S,S,S,S,PS,PS,PS,S
Count,`count`,None,window,result,NA,NA,NA,NA,S,NA,NA,NA,NA,NA,NA,NA,NA,NA,NA,NA,NA,NA
First,`first_value`; `first`,None,aggregation,input,S,S,S,S,S,S,S,S,PS,S,S,S,NS,NS,PS,PS,PS,NS
First,`first_value`; `first`,None,aggregation,result,S,S,S,S,S,S,S,S,PS,S,S,S,NS,NS,PS,PS,PS,NS
First,`first_value`; `first`,None,reduction,input,S,S,S,S,S,S,S,S,PS,S,S,S,NS,NS,PS,PS,PS,NS
First,`first_value`; `first`,None,reduction,result,S,S,S,S,S,S,S,S,PS,S,S,S,NS,NS,PS,PS,PS,NS
First,`first_value`; `first`,None,window,input,NS,NS,NS,NS,NS,NS,NS,NS,NS,NS,NS,NS,NS,NS,NS,NS,NS,NS
First,`first_value`; `first`,None,window,result,NS,NS,NS,NS,NS,NS,NS,NS,NS,NS,NS,NS,NS,NS,NS,NS,NS,NS
Last,`last`; `last_value`,None,aggregation,input,S,S,S,S,S,S,S,S,PS,S,S,S,NS,NS,PS,PS,PS,NS
Last,`last`; `last_value`,None,aggregation,result,S,S,S,S,S,S,S,S,PS,S,S,S,NS,NS,PS,PS,PS,NS
Last,`last`; `last_value`,None,reduction,input,S,S,S,S,S,S,S,S,PS,S,S,S,NS,NS,PS,PS,PS,NS
Last,`last`; `last_value`,None,reduction,result,S,S,S,S,S,S,S,S,PS,S,S,S,NS,NS,PS,PS,PS,NS
Last,`last`; `last_value`,None,window,input,NS,NS,NS,NS,NS,NS,NS,NS,NS,NS,NS,NS,NS,NS,NS,NS,NS,NS
Last,`last`; `last_value`,None,window,result,NS,NS,NS,NS,NS,NS,NS,NS,NS,NS,NS,NS,NS,NS,NS,NS,NS,NS
Max,`max`,None,aggregation,input,S,S,S,S,S,PS,PS,S,PS,S,S,S,NS,NS,NS,NA,PS,NS
Max,`max`,None,aggregation,result,S,S,S,S,S,S,S,S,PS,S,S,S,NS,NS,NS,NA,PS,NS
Max,`max`,None,reduction,input,S,S,S,S,S,PS,PS,S,PS,S,S,S,NS,NS,NS,NA,PS,NS
Max,`max`,None,reduction,result,S,S,S,S,S,S,S,S,PS,S,S,S,NS,NS,NS,NA,PS,NS
Max,`max`,None,window,input,S,S,S,S,S,PS,PS,S,PS,S,S,S,NS,NS,NS,NA,NS,NS
Max,`max`,None,window,result,S,S,S,S,S,S,S,S,PS,S,S,S,NS,NS,NS,NA,NS,NS
Min,`min`,None,aggregation,input,S,S,S,S,S,PS,PS,S,PS,S,S,S,NS,NS,NS,NA,PS,NS
Min,`min`,None,aggregation,result,S,S,S,S,S,S,S,S,PS,S,S,S,NS,NS,NS,NA,PS,NS
Min,`min`,None,reduction,input,S,S,S,S,S,PS,PS,S,PS,S,S,S,NS,NS,NS,NA,PS,NS
Min,`min`,None,reduction,result,S,S,S,S,S,S,S,S,PS,S,S,S,NS,NS,NS,NA,PS,NS
Min,`min`,None,window,input,S,S,S,S,S,PS,PS,S,PS,S,S,S,NS,NS,NS,NA,NS,NS
Min,`min`,None,window,result,S,S,S,S,S,S,S,S,PS,S,S,S,NS,NS,NS,NA,NS,NS
PivotFirst, ,None,aggregation,pivotColumn,S,S,S,S,S,PS,PS,S,PS,S,S,S,NS,NS,NS,NS,NS,NS
PivotFirst, ,None,aggregation,valueColumn,S,S,S,S,S,S,S,S,PS,S,S,S,NS,NS,NS,NS,NS,NS
PivotFirst, ,None,aggregation,result,S,S,S,S,S,S,S,S,PS,S,S,S,NS,NS,PS,NS,NS,NS
PivotFirst, ,None,reduction,pivotColumn,S,S,S,S,S,PS,PS,S,PS,S,S,S,NS,NS,NS,NS,NS,NS
PivotFirst, ,None,reduction,valueColumn,S,S,S,S,S,S,S,S,PS,S,S,S,NS,NS,NS,NS,NS,NS
PivotFirst, ,None,reduction,result,S,S,S,S,S,S,S,S,PS,S,S,S,NS,NS,PS,NS,NS,NS
StddevPop,`stddev_pop`,None,reduction,input,NA,NA,NA,NA,NA,NA,NS,NA,NA,NA,NA,NA,NA,NA,NA,NA,NA,NA
StddevPop,`stddev_pop`,None,reduction,result,NA,NA,NA,NA,NA,NA,NS,NA,NA,NA,NA,NA,NA,NA,NA,NA,NA,NA
StddevPop,`stddev_pop`,None,aggregation,input,NA,NA,NA,NA,NA,NA,S,NA,NA,NA,NA,NA,NA,NA,NA,NA,NA,NA
StddevPop,`stddev_pop`,None,aggregation,result,NA,NA,NA,NA,NA,NA,S,NA,NA,NA,NA,NA,NA,NA,NA,NA,NA,NA
StddevPop,`stddev_pop`,None,window,input,NA,NA,NA,NA,NA,NA,NS,NA,NA,NA,NA,NA,NA,NA,NA,NA,NA,NA
StddevPop,`stddev_pop`,None,window,result,NA,NA,NA,NA,NA,NA,NS,NA,NA,NA,NA,NA,NA,NA,NA,NA,NA,NA
StddevSamp,`stddev_samp`; `std`; `stddev`,None,reduction,input,NA,NA,NA,NA,NA,NA,NS,NA,NA,NA,NA,NA,NA,NA,NA,NA,NA,NA
StddevSamp,`stddev_samp`; `std`; `stddev`,None,reduction,result,NA,NA,NA,NA,NA,NA,NS,NA,NA,NA,NA,NA,NA,NA,NA,NA,NA,NA
StddevSamp,`stddev_samp`; `std`; `stddev`,None,aggregation,input,NA,NA,NA,NA,NA,NA,S,NA,NA,NA,NA,NA,NA,NA,NA,NA,NA,NA
StddevSamp,`stddev_samp`; `std`; `stddev`,None,aggregation,result,NA,NA,NA,NA,NA,NA,S,NA,NA,NA,NA,NA,NA,NA,NA,NA,NA,NA
StddevSamp,`stddev_samp`; `std`; `stddev`,None,window,input,NA,NA,NA,NA,NA,NA,S,NA,NA,NA,NA,NA,NA,NA,NA,NA,NA,NA
StddevSamp,`stddev_samp`; `std`; `stddev`,None,window,result,NA,NA,NA,NA,NA,NA,S,NA,NA,NA,NA,NA,NA,NA,NA,NA,NA,NA
Sum,`sum`,None,aggregation,input,NA,S,S,S,S,S,S,NA,NA,NA,S,NA,NA,NA,NA,NA,NA,NA
Sum,`sum`,None,aggregation,result,NA,NA,NA,NA,S,NA,S,NA,NA,NA,S,NA,NA,NA,NA,NA,NA,NA
Sum,`sum`,None,reduction,input,NA,S,S,S,S,S,S,NA,NA,NA,S,NA,NA,NA,NA,NA,NA,NA
Sum,`sum`,None,reduction,result,NA,NA,NA,NA,S,NA,S,NA,NA,NA,S,NA,NA,NA,NA,NA,NA,NA
Sum,`sum`,None,window,input,NA,S,S,S,S,S,S,NA,NA,NA,S,NA,NA,NA,NA,NA,NA,NA
Sum,`sum`,None,window,result,NA,NA,NA,NA,S,NA,S,NA,NA,NA,S,NA,NA,NA,NA,NA,NA,NA
VariancePop,`var_pop`,None,reduction,input,NA,NA,NA,NA,NA,NA,NS,NA,NA,NA,NA,NA,NA,NA,NA,NA,NA,NA
VariancePop,`var_pop`,None,reduction,result,NA,NA,NA,NA,NA,NA,NS,NA,NA,NA,NA,NA,NA,NA,NA,NA,NA,NA
VariancePop,`var_pop`,None,aggregation,input,NA,NA,NA,NA,NA,NA,S,NA,NA,NA,NA,NA,NA,NA,NA,NA,NA,NA
VariancePop,`var_pop`,None,aggregation,result,NA,NA,NA,NA,NA,NA,S,NA,NA,NA,NA,NA,NA,NA,NA,NA,NA,NA
VariancePop,`var_pop`,None,window,input,NA,NA,NA,NA,NA,NA,NS,NA,NA,NA,NA,NA,NA,NA,NA,NA,NA,NA
VariancePop,`var_pop`,None,window,result,NA,NA,NA,NA,NA,NA,NS,NA,NA,NA,NA,NA,NA,NA,NA,NA,NA,NA
VarianceSamp,`var_samp`; `variance`,None,reduction,input,NA,NA,NA,NA,NA,NA,NS,NA,NA,NA,NA,NA,NA,NA,NA,NA,NA,NA
VarianceSamp,`var_samp`; `variance`,None,reduction,result,NA,NA,NA,NA,NA,NA,NS,NA,NA,NA,NA,NA,NA,NA,NA,NA,NA,NA
VarianceSamp,`var_samp`; `variance`,None,aggregation,input,NA,NA,NA,NA,NA,NA,S,NA,NA,NA,NA,NA,NA,NA,NA,NA,NA,NA
VarianceSamp,`var_samp`; `variance`,None,aggregation,result,NA,NA,NA,NA,NA,NA,S,NA,NA,NA,NA,NA,NA,NA,NA,NA,NA,NA
VarianceSamp,`var_samp`; `variance`,None,window,input,NA,NA,NA,NA,NA,NA,NS,NA,NA,NA,NA,NA,NA,NA,NA,NA,NA,NA
VarianceSamp,`var_samp`; `variance`,None,window,result,NA,NA,NA,NA,NA,NA,NS,NA,NA,NA,NA,NA,NA,NA,NA,NA,NA,NA
NormalizeNaNAndZero, ,None,project,input,NA,NA,NA,NA,NA,S,S,NA,NA,NA,NA,NA,NA,NA,NA,NA,NA,NA
NormalizeNaNAndZero, ,None,project,result,NA,NA,NA,NA,NA,S,S,NA,NA,NA,NA,NA,NA,NA,NA,NA,NA,NA
ScalarSubquery, ,None,project,result,S,S,S,S,S,S,S,S,PS,S,S,S,NS,NS,PS,PS,PS,NS
HiveGenericUDF, ,None,project,param,S,S,S,S,S,S,S,S,PS,S,S,S,S,S,PS,PS,PS,NS
HiveGenericUDF, ,None,project,result,S,S,S,S,S,S,S,S,PS,S,S,S,S,S,PS,PS,PS,NS
HiveSimpleUDF, ,None,project,param,S,S,S,S,S,S,S,S,PS,S,S,S,S,S,PS,PS,PS,NS
HiveSimpleUDF, ,None,project,result,S,S,S,S,S,S,S,S,PS,S,S,S,S,S,PS,PS,PS,NS
